chapter,source,asset_id,label,category,asset_type,text_description_present
1,OpenStax,Figure 1.1,"The enzyme HMG-CoA reductase, shown here as a so-called ribbon model, catalyzes a crucial step in the body’s synthesis of cholesterol. Understanding how this enzyme functions has led to the development of drugs credited with saving millions",reaction_mechanism,figure,True
1,OpenStax,Figure 1.2,"Carbon, hydrogen, and other elements commonly found in organic compounds are shown in the colors typically used to represent them.",other,figure,True
1,OpenStax,Figure 1.3,"A schematic view of an atom. The dense, positively charged nucleus contains most of the atom’s mass and is surrounded by negatively charged electrons. The three-dimensional view on the right shows calculated electron-density surfaces. Elect",atomic_orbital,figure,True
1,OpenStax,Figure 1.4,"Representations of s,p, and d orbitals. An s orbital is spherical, a p orbital is dumbbell-shaped, and four of the five d orbitals are cloverleaf-shaped. Different lobes of p orbitals are often drawn for convenience as teardrops, but their ",atomic_orbital,figure,True
1,OpenStax,Figure 1.5,Energy levels of electrons in an atom. The first shell holds a maximum of 2 electrons in one 1s orbital; the second shell holds a maximum of 8 electrons in one 2s and three 2p orbitals; the third shell holds a maximum of 18 electrons in one,atomic_orbital,figure,True
1,OpenStax,Figure 1.6,"Shapes of the 2p orbitals. Each of the three mutually perpendicular, dumbbell-shaped orbitals has two lobes separated by a node. The two lobes have different algebraic signs in the corresponding wave function, as indicated by the different ",atomic_orbital,figure,True
1,OpenStax,Figure 1.7,"A representation of van’t Hoff’s tetrahedral carbon atom. The solid lines represent bonds in the plane of the paper, the heavy wedged line represents a bond coming out of the plane of the page toward the viewer, and the dashed line represen",other,figure,True
1,OpenStax,Figure 1.8,The cylindrical symmetry of the H-H sigma bond in an H2 molecule. The intersection of a plane cutting through the sigma bond is a circle.,molecular_structure,figure,True
1,OpenStax,Figure 1.9,"Relative energy levels of two H atoms and the H2 molecule. The H2 molecule has 436 kJ/mol (104 kcal/mol) less energy than the two separate H atoms, so 436 kJ/mol of energy is released when the H-H bond forms. Conversely, 436 kJ/mol is absor",energy_diagram,figure,True
1,OpenStax,Figure 1.10,A plot of energy versus internuclear distance for two hydrogen atoms. The distance between nuclei at the minimum energy point is the bond length. 1.6 sp3 Hybrid Orbitals and the Structure of Methane The bonding in the hydrogen molecule is f,energy_diagram,figure,True
1,OpenStax,Figure 1.11,"Four sp3 hybrid orbitals, oriented toward the corners of a regular tetrahedron, are formed by the combination of an s orbital and three p orbitals (red/blue). The sp3 hybrids have two lobes and are unsymmetrical about the nucleus, giving th",atomic_orbital,figure,True
1,OpenStax,Figure 1.12,"The structure of methane, showing its 109.5° bond angles. 1.7 sp3 Hybrid Orbitals and the Structure of Ethane The same kind of orbital hybridization that accounts for the methane structure also accounts for the bonding together of carbon at",atomic_orbital,figure,True
1,OpenStax,Figure 1.13,"The structure of ethane. The carbon-carbon bond is formed by sigma overlap of two sp3 hybrid orbitals. For clarity, the smaller",atomic_orbital,figure,True
1,OpenStax,Figure 1.14,"sp2 Hybridization. The three equivalent sp2 hybrid orbitals lie in a plane at angles of 120° to one another, and a single unhybridized p orbital (red/blue) is perpendicular to the sp2 plane. When two carbons with sp2 hybridization approach ",atomic_orbital,figure,True
1,OpenStax,Figure 1.15,"The structure of ethylene. One part of the double bond in ethylene results from sigma (head-on) overlap of sp2 hybrid orbitals, and the other part results from pi (sideways) overlap of unhybridized p orbitals (red/blue). The pi bond has reg",atomic_orbital,figure,True
1,OpenStax,Figure 1.16,"sp Hybridization. The two sp hybrid orbitals are oriented 180° away from each other, perpendicular to the two remaining p orbitals (red/blue).",atomic_orbital,figure,True
1,OpenStax,Figure 1.17,The structure of acetylene. The two carbon atoms are joined by one sp-spsigma bond and two p-ppi bonds.,molecular_structure,figure,True
1,OpenStax,Figure 1.18,"Molecular orbitals of H2. Combination of two hydrogen 1s atomic orbitals leads to two H2 molecular orbitals. The lower- energy, bonding MO is filled, and the higher-energy, antibonding MO is unfilled.",atomic_orbital,figure,True
1,OpenStax,Figure 1.19,"A molecular orbital description of the C-C pi bond in ethylene. The lower-energy, pi bonding MO results from an additive combination of p orbital lobes with the same algebraic sign and is filled. The higher-energy, pi antibonding MO results",atomic_orbital,figure,True
1,OpenStax,Figure 1.20,"How dangerous is the pesticide being sprayed on this crop? (credit: “NRCSAR83001(265)” by USDA Natural Resources Conservation Service/Wikimedia Commons, Public Domain)",other,figure,True
1,OpenStax,Table 1.1,Ground-State Electron Configurations of Some Elements,data_table,table,True
1,OpenStax,Table 1.2,"Comparison of C-C and C-H Bonds in Methane, Ethane, Ethylene, and Acetylene",data_table,table,True
1,OpenStax,Table 1.3,Line-bond and Skeletal Structures for Some Compounds,data_table,table,True
1,OpenStax,Table 1.4,"lists the LD50 for some other familiar substances. The lower the value, the more toxic the substance. Note, though, that LD50 values only pertain to the effects of heavy exposure for a relatively short time. They say nothing about the risks",data_table,table,True
1,ChemIllusion,blk-f247eff7,blk-f247eff7,callout,callout,False
1,ChemIllusion,blk-09cb16f2,blk-09cb16f2,data_table,image,True
1,ChemIllusion,blk-015b2bf8,blk-015b2bf8,data_table,image,True
1,ChemIllusion,blk-41ca11ee,blk-41ca11ee,callout,callout,False
1,ChemIllusion,blk-9292f333,blk-9292f333,callout,callout,False
1,ChemIllusion,blk-a49d3274,Ethane,molecular_structure,molecule,True
1,ChemIllusion,blk-6e154e06,blk-6e154e06,callout,callout,False
1,ChemIllusion,blk-360af5bd,blk-360af5bd,callout,callout,False
1,ChemIllusion,blk-cfbe92d6,Ethylene (ethene),molecular_structure,molecule,True
1,ChemIllusion,blk-134ab7e6,blk-134ab7e6,callout,callout,False
1,ChemIllusion,blk-395b274a,blk-395b274a,callout,callout,False
1,ChemIllusion,blk-c92951db,Acetylene (ethyne),data_table,molecule,True
1,ChemIllusion,blk-7bbeb612,blk-7bbeb612,atomic_orbital,image,True
1,ChemIllusion,blk-c5f7d14c,blk-c5f7d14c,callout,callout,False
1,ChemIllusion,blk-73d3c101,blk-73d3c101,callout,callout,False
1,ChemIllusion,blk-e3d204cd,blk-e3d204cd,molecular_geometry,image,True
1,ChemIllusion,blk-bcf0a300,blk-bcf0a300,callout,callout,False
1,ChemIllusion,blk-e6cc3124,blk-e6cc3124,callout,callout,False
1,ChemIllusion,blk-c9f5f7ad,Ethanol,molecular_structure,molecule,True
1,ChemIllusion,blk-418cce89,Acetic acid,molecular_structure,molecule,True
1,ChemIllusion,blk-d4ea724c,blk-d4ea724c,callout,callout,False
2,OpenStax,Figure 2.1,"The opium poppy is the source of morphine, one of the first “vege",other,figure,True
2,OpenStax,Figure 2.2,"The continuum in bonding from covalent to ionic is a result of an unequal distribution of bonding electrons between atoms. The symbol δ (lowercase Greek letter delta) means partial charge, either partial positive (δ+) for the electron-poor ",other,figure,True
2,OpenStax,Figure 2.3,Electronegativity values and trends. Electronegativity generally increases from left to right across the periodic,other,figure,True
2,OpenStax,Figure 2.4,"Polar covalent bonds. (a) Methanol, CH3OH, has a polar covalent C-O bond, and (b) methyllithium, CH3Li, has a polar covalent C-Li bond. The computer-generated representations, called electrostatic potential maps, use color to show calculate",molecular_property_model,figure,True
2,OpenStax,Figure 2.5,"Electrostatic potential maps of the conjugate bases of (a) methanol, (b) acetic acid, and (c) acetone. The electronegative oxygen atoms stabilize the negative charge in all three. Compounds called carboxylic acids, which contain the -CO2H g",molecular_property_model,figure,True
2,OpenStax,Figure 2.6,"The reaction of boron trifluoride, a Lewis acid, with dimethyl ether, a Lewis base. The Lewis acid accepts a pair of electrons, and the Lewis base donates a pair of nonbonding electrons. Note how the movement of electrons from the Lewis bas",reaction_mechanism,figure,True
2,OpenStax,Figure 2.7,"Dipole-dipole forces cause polar molecules (a) to attract one another when they orient with unlike charges together, but (b) to repel one another when they orient with like charges together.",molecular_property_model,figure,True
2,OpenStax,Figure 2.8,"Attractive dispersion forces in nonpolar molecules are caused by temporary dipoles, as shown in these models of pentane, C5H12. Perhaps the most important noncovalent interaction in biological molecules is the hydrogen bond, an attractive i",molecular_property_model,figure,True
2,OpenStax,Figure 2.9,"The coca bush Erythroxylon coca, native to upland rain forest areas of Colombia, Ecuador, Peru, Bolivia, and western Brazil, is the source of the alkaloid cocaine. (credit: ""Erythroxylumcoca"" by Danna Guevara/Wikimedia Commons, CC BY 4.0)",other,figure,True
2,OpenStax,Table 2.1,Dipole Moments of Some Compounds,data_table,table,True
2,OpenStax,Table 2.2,A Summary of Common Formal Charges,data_table,table,True
2,OpenStax,Table 2.3,"lists the pKa’s of some common acids in order of their strength, and a more comprehensive",data_table,table,True
2,ChemIllusion,blk-ed1994e3,blk-ed1994e3,callout,callout,False
2,ChemIllusion,blk-25b6c097,blk-25b6c097,reaction_mechanism,image,True
2,ChemIllusion,blk-d5bc478d,blk-d5bc478d,callout,callout,False
2,ChemIllusion,blk-469bda8b,blk-469bda8b,callout,callout,False
2,ChemIllusion,blk-fa139b14,Hydronium ion,molecular_structure,molecule,True
2,ChemIllusion,blk-95a9535e,Methoxide ion,molecular_structure,molecule,True
2,ChemIllusion,blk-660fea24,blk-660fea24,callout,callout,False
2,ChemIllusion,blk-5939b907,blk-5939b907,callout,callout,False
2,ChemIllusion,blk-1f9a1504,blk-1f9a1504,reaction_mechanism,image,True
2,ChemIllusion,blk-50733883,blk-50733883,image,image,True
2,ChemIllusion,blk-21bec4ad,blk-21bec4ad,callout,callout,False
2,ChemIllusion,blk-0f302688,blk-0f302688,callout,callout,False
2,ChemIllusion,blk-ef278720,blk-ef278720,image,image,True
2,ChemIllusion,blk-8dcac57c,blk-8dcac57c,callout,callout,False
2,ChemIllusion,blk-77a7b9fd,blk-77a7b9fd,callout,callout,False
2,ChemIllusion,blk-534713fc,A conjugate acid-base pair: acetic acid and acetate,reaction_mechanism,reaction,True
2,ChemIllusion,blk-db258513,blk-db258513,callout,callout,False
2,ChemIllusion,blk-faa2c0bd,blk-faa2c0bd,callout,callout,False
2,ChemIllusion,blk-9f3c67c0,blk-9f3c67c0,data_table,image,True
2,ChemIllusion,blk-906b96c9,blk-906b96c9,callout,callout,False
2,ChemIllusion,blk-93a6d7f5,blk-93a6d7f5,callout,callout,False
2,ChemIllusion,blk-0ea4047f,blk-0ea4047f,data_table,image,True
2,ChemIllusion,blk-781ed5b0,blk-781ed5b0,callout,callout,False
2,ChemIllusion,blk-661f12c3,blk-661f12c3,callout,callout,False
2,ChemIllusion,blk-ca8da2c4,blk-ca8da2c4,callout,callout,False
2,ChemIllusion,blk-8e4063a5,blk-8e4063a5,callout,callout,False
2,ChemIllusion,blk-fd32afec,blk-fd32afec,data_table,image,True
2,ChemIllusion,blk-e70743e7,blk-e70743e7,callout,callout,False
2,ChemIllusion,blk-85fee0e1,blk-85fee0e1,callout,callout,False
2,ChemIllusion,blk-3a208e81,blk-3a208e81,image,image,True
2,ChemIllusion,blk-b0191224,blk-b0191224,callout,callout,False
2,ChemIllusion,blk-26ea5797,blk-26ea5797,callout,callout,False
2,ChemIllusion,blk-7232b8c3,blk-7232b8c3,data_table,image,True
2,ChemIllusion,blk-105bc7f6,blk-105bc7f6,callout,callout,False
3,OpenStax,Figure 3.1,"The bristlecone pine is the oldest living organism on Earth. The waxy coating on its needles contains a mixture of organic compounds called alkanes, the subject of this chapter. (credit: modification of work “Gnarly Bristlecone Pine” by Ric",other,figure,True
3,OpenStax,Figure 3.2,"The reactions of ethylene and menthene with bromine. In both molecules, the carbon-carbon double-bond functional group has a similar polarity pattern, so both molecules react with Br2 in the same way. The size and complexity of the molecule",molecular_structure,figure,True
3,OpenStax,Figure 3.3,"Some representations of butane, C4H10. The molecule is the same regardless of how it’s drawn. These structures imply only that butane has a continuous chain of four carbon atoms; they do not imply any specific geometry.",molecular_geometry,figure,True
3,OpenStax,Figure 3.4,Alkyl groups generated from straight-chain alkanes.,other,figure,True
3,OpenStax,Figure 3.5,A plot of melting and boiling points versus number of carbon atoms for the C1-C14 straight-chain alkanes. There is a regular increase with molecular size.,molecular_property_model,figure,True
3,OpenStax,Figure 3.6,Rotation occurs around the carbon-carbon single bond in ethane because of sigma bond cylindrical symmetry.,other,figure,True
3,OpenStax,Figure 3.7,"A sawhorse representation and a Newman projection of ethane. The sawhorse representation views the molecule from an oblique angle, while the Newman projection views the molecule end-on. Note that the molecular model of the Newman projection",molecular_geometry,figure,True
3,OpenStax,Figure 3.8,"A graph of potential energy versus bond rotation in ethane. The staggered conformations are 12 kJ/mol lower in energy than the eclipsed conformations. 3.7 Conformations of Other Alkanes Propane, the next-higher member in the alkane series, ",energy_diagram,figure,True
3,OpenStax,Figure 3.9,Newman projections of propane showing staggered and eclipsed conformations. The staggered conformer is lower in energy by 14 kJ/mol.,molecular_geometry,figure,True
3,OpenStax,Figure 3.10,"A plot of potential energy versus rotation for the C2-C3 bond in butane. The energy maximum occurs when the two methyl groups eclipse each other, and the energy minimum occurs when the two methyl groups are 180° apart (anti).",energy_diagram,figure,True
3,OpenStax,Figure 3.11,The most s,other,figure,True
3,OpenStax,Figure 3.12,Gasoline is a finite resource. It won’t be around forever. (credit: “The first oil well” (https://www.loc.gov/item/ 2010649522/) by Unknown/Library of Congress),other,figure,True
3,OpenStax,Table 3.1,Structures of Some Common Functional Groups,data_table,table,True
3,OpenStax,Table 3.2,"shows, the number of possible alkane isomers increases dramatically with the number of carbon atoms.",data_table,table,True
3,OpenStax,Table 3.3,Names of Straight-Chain Alkanes,data_table,table,True
3,OpenStax,Table 3.4,Some Straight-Chain Alkyl Groups,data_table,table,True
3,OpenStax,Table 3.5,Energy Costs for Interactions in Alkane Conformers,data_table,table,True
3,ChemIllusion,blk-d0afa57e,blk-d0afa57e,callout,callout,False
3,ChemIllusion,blk-883a68e8,Acetone (a ketone),molecular_structure,molecule,True
3,ChemIllusion,blk-3397f161,Ethanol (an alcohol),molecular_structure,molecule,True
3,ChemIllusion,blk-2f6547bc,Acetic acid (a carboxylic acid),molecular_structure,molecule,True
3,ChemIllusion,blk-efe5598c,blk-efe5598c,image,image,True
3,ChemIllusion,blk-962f3d0e,blk-962f3d0e,callout,callout,False
3,ChemIllusion,blk-2688b912,blk-2688b912,callout,callout,False
3,ChemIllusion,blk-83b71f7b,Butane,molecular_structure,molecule,True
3,ChemIllusion,blk-37e1d6aa,2-Methylpropane (isobutane),molecular_structure,molecule,True
3,ChemIllusion,blk-76b214d5,blk-76b214d5,callout,callout,False
3,ChemIllusion,blk-853e7c27,blk-853e7c27,callout,callout,False
3,ChemIllusion,blk-089595b1,2-Methylbutane,molecular_structure,molecule,True
3,ChemIllusion,blk-8a1d8026,"2,2-Dimethylpropane (neopentane)",molecular_structure,molecule,True
3,ChemIllusion,blk-c240a6c1,blk-c240a6c1,callout,callout,False
3,ChemIllusion,blk-cf622bf2,blk-cf622bf2,callout,callout,False
3,ChemIllusion,blk-a700fa7c,Pentane,molecular_structure,molecule,True
3,ChemIllusion,blk-8e851b2c,blk-8e851b2c,callout,callout,False
3,ChemIllusion,blk-b28e8a98,blk-b28e8a98,callout,callout,False
3,ChemIllusion,blk-ea87574d,Ethane,molecular_geometry,molecule,True
3,ChemIllusion,blk-d815c5b5,blk-d815c5b5,teaching_asset,teaching_asset,False
3,ChemIllusion,blk-5d018dd3,blk-5d018dd3,callout,callout,False
3,ChemIllusion,blk-20fb7936,blk-20fb7936,callout,callout,False
3,ChemIllusion,blk-f849a20d,blk-f849a20d,molecular_geometry,image,True
3,ChemIllusion,blk-8802e693,blk-8802e693,molecular_geometry,teaching_asset,False
3,ChemIllusion,blk-0f65b436,blk-0f65b436,callout,callout,False
4,OpenStax,Figure 4.1,"The musk gland of the male Himalayan musk deer secretes a substance once used in perfumery that contains cycloalkanes of 14 to 18 carbons. (credit: modification of work “Siberian musk deer in the tiaga” by ErikAdamsson/Wikimedia Commons, CC",other,figure,True
4,OpenStax,Figure 4.2,"Bond rotation in ethane and cyclopropane. (a) Rotation occurs around the carbon-carbon bond in ethane, but (b) no rotation is possible around the carbon-carbon bonds in cyclopropane without breaking open the ring. Larger cycloalkanes have i",other,figure,True
4,OpenStax,Figure 4.3,"There are two different 1,2-dimethylcyclopropane isomers, one with the methyl groups on the same face of the ring (cis) and the other with the methyl groups on opposite faces of the ring (trans). The two isomers do not interconvert.",other,figure,True
4,OpenStax,Figure 4.4,shows the results.,other,figure,True
4,OpenStax,Figure 4.5,"The structure of cyclopropane, showing the eclipsing of neighboring C-H bonds that gives rise to torsional strain. Part (b) is a Newman projection along a C-C bond.",molecular_geometry,figure,True
4,OpenStax,Figure 4.6,"The conformation of cyclobutane. Part (c) is a Newman projection along a C-C bond, showing that neighboring C-H bonds are",molecular_geometry,figure,True
4,OpenStax,Figure 4.7,"The conformation of cyclopentane. Carbons 1, 2, 3, and 4 are nearly coplanar, but carbon 5 is out of the plane. Part (c) is a Newman projection along the C1-C2 bond, showing that neighboring C-H bonds are nearly staggered.",molecular_geometry,figure,True
4,OpenStax,Figure 4.8,"The strain-free chair conformation of cyclohexane. All C-C-C bond angles are 111.5°, close to the ideal 109° tetrahedral angle, and all neighboring C-H bonds are staggered.",molecular_geometry,figure,True
4,OpenStax,Figure 4.9,"Axial and equatorial positions in chair cyclohexane. The six axial hydrogens are parallel to the ring axis, and the six equatorial hydrogens are in a band around the ring equator.",molecular_geometry,figure,True
4,OpenStax,Figure 4.10,"Alternating axial and equatorial positions in chair cyclohexane, looking directly down the ring axis. Each carbon atom has one axial and one equatorial position, and each face has alternating axial and equatorial positions.",molecular_geometry,figure,True
4,OpenStax,Figure 4.11,A procedure for drawing axial and equatorial bonds in chair cyclohexane.,molecular_geometry,figure,True
4,OpenStax,Figure 4.12,"A ring-flip in chair cyclohexane interconverts axial and equatorial positions. What is axial in the starting structure becomes equatorial in the ring-flipped structure, and what is equatorial in the starting structure is axial after ring-fl",molecular_geometry,figure,True
4,OpenStax,Figure 4.13,plots the relationship between energy and isomer percentages.,other,figure,True
4,OpenStax,Figure 4.14,"Interconversion of axial and equatorial methylcyclohexane, represented in several formats. The equatorial conformation is more s",molecular_geometry,figure,True
4,OpenStax,Figure 4.15,"The origin of 1,3-diaxial interactions in methylcyclohexane. The steric strain between an axial methyl group and an axial hydrogen atom three carbons away is identical to the steric strain in gauche butane. (To display clearly the diaxial i",other,figure,True
4,OpenStax,Figure 4.16,"Conformations of cis-1,2-dimethylcyclohexane. The two chair conformations are equal in energy because each has one axial methyl group and one equatorial methyl group.",molecular_geometry,figure,True
4,OpenStax,Figure 4.17,"has both methyl groups equatorial with only a gauche butane interaction between them (3.8 kJ/mol) but no 1,3-diaxial interactions. The ring-flipped conformation, however, has both methyl groups axial. The axial methyl group at C1 interacts ",molecular_geometry,figure,True
4,OpenStax,Figure 4.18,shows how both compounds can be represented using chair cyclohexane conformations. Note that the two decalin isomers are not interconvertible by ring-flips or other rotations. They are cis-trans stereoisomers and have the same relationship ,molecular_geometry,figure,True
4,OpenStax,Figure 4.19,"Computer programs make it possible to accurately represent molecular geometry. (credit: “Molecular geometry” by Jane Whitney/Flickr, CC BY 4.0)",molecular_geometry,figure,True
4,OpenStax,Figure 4.20,"The structure of Tamiflu (oseltamivir), an antiviral agent active against type A influenza, along with a molecular model of its minimum-energy conformation as calculated by molecular mechanics.",molecular_geometry,figure,True
4,OpenStax,Table 4.1,"refer to 1,3-diaxial interactions of the substituent with a single hydrogen atom. These values must be doubled to arrive at the amount of strain in a monosubstituted cyclohexane.",data_table,table,True
4,OpenStax,Table 4.2,Axial and Equatorial Relationships in Cis- and Trans-Disubstituted Cyclohexanes,data_table,table,True
4,ChemIllusion,blk-6437b92f,blk-6437b92f,callout,callout,False
4,ChemIllusion,blk-54ff00f4,Cyclohexane,molecular_structure,molecule,True
4,ChemIllusion,blk-b8519818,Methylcyclohexane,molecular_geometry,molecule,True
4,ChemIllusion,blk-6b5201c2,blk-6b5201c2,callout,callout,False
4,ChemIllusion,blk-deec648b,blk-deec648b,callout,callout,False
4,ChemIllusion,blk-e669379c,"trans-1,2-Dimethylcyclopentane",molecular_structure,molecule,True
4,ChemIllusion,blk-fc620a55,blk-fc620a55,image,image,True
4,ChemIllusion,blk-2af5bb2b,blk-2af5bb2b,teaching_asset,teaching_asset,False
4,ChemIllusion,blk-48babc5f,blk-48babc5f,callout,callout,False
4,ChemIllusion,blk-3ae6876f,blk-3ae6876f,callout,callout,False
4,ChemIllusion,blk-1ab7bee5,Cyclopropane,molecular_structure,molecule,True
4,ChemIllusion,blk-3c987975,Cyclobutane,molecular_structure,molecule,True
4,ChemIllusion,blk-c4a12638,Cyclopentane,molecular_structure,molecule,True
4,ChemIllusion,blk-3963fa33,blk-3963fa33,callout,callout,False
4,ChemIllusion,blk-eec831d6,blk-eec831d6,callout,callout,False
4,ChemIllusion,blk-e2fd096a,Cyclohexane,molecular_structure,molecule,True
4,ChemIllusion,blk-07a77f74,blk-07a77f74,callout,callout,False
4,ChemIllusion,blk-f1961ab6,blk-f1961ab6,callout,callout,False
4,ChemIllusion,blk-5f51e0bc,blk-5f51e0bc,molecular_geometry,image,True
4,ChemIllusion,blk-d60883fc,blk-d60883fc,molecular_geometry,image,True
4,ChemIllusion,blk-74e3fa30,Methylcyclohexane,molecular_geometry,molecule,True
4,ChemIllusion,blk-bd237a2e,blk-bd237a2e,molecular_geometry,teaching_asset,False
4,ChemIllusion,blk-d0af038e,blk-d0af038e,callout,callout,False
4,ChemIllusion,blk-eb51c64b,blk-eb51c64b,callout,callout,False
4,ChemIllusion,blk-1515b7cd,blk-1515b7cd,molecular_geometry,image,True
4,ChemIllusion,blk-915576bf,"trans-1,2-Dimethylcyclohexane",molecular_geometry,molecule,True
4,ChemIllusion,blk-61b3ebb8,blk-61b3ebb8,callout,callout,False
5,OpenStax,Figure 5.1,"Like the mountain whose image is reflected in a lake, many organic molecules also have mirror-image counterparts. (credit: modification of work “Crystal Lake sunrise reflection” by Sandy Horvath-Dori/Wikimedia Commons, CC BY 2.0)",molecular_structure,figure,True
5,OpenStax,Figure 5.2,"Tetrahedral carbon atoms and their mirror images. Molecules of the type CH3X and CH2XY are identical to their mirror images, but a molecule of the type CHXYZ is not. A CHXYZ molecule is related to its mirror image in the same way a right ha",molecular_structure,figure,True
5,OpenStax,Figure 5.3,"Attempts at superimposing the mirror-image forms of lactic acid. (a) When the -H and -OH substituents match up, the -CO2H and -CH3 substituents don’t; (b) when -CO2H and -CH3 match up, -H and -OH don’t. Regardless of how the molecules are o",molecular_structure,figure,True
5,OpenStax,Figure 5.4,The meaning of symmetry plane. (a) An object like the coffee mug has a symmetry plane cutting through it so that right and left halves are mirror images. (b) An object like a hand has no symmetry plane; the right “half” of a hand is not a m,other,figure,True
5,OpenStax,Figure 5.5,"and is achiral, while lactic acid, CH3CH(OH)CO2H, has no plane of symmetry in any conformation 138 5 • Stereochemistry at Tetrahedral Centers",molecular_geometry,figure,True
5,OpenStax,Figure 5.6,"Schematic representation of a polarimeter. Plane-polarized light passes through a solution of optically active molecules, which rotate the plane of polarization.",molecular_structure,figure,True
5,OpenStax,Figure 5.7,Drawings of sodium ammonium tartrate crystals taken from Pasteur’s original sketches. One of the crystals is dextrorotatory,other,figure,True
5,OpenStax,Figure 5.8,"Assigning R and S configurations to chirality centers. When the molecule is oriented so that the lowest-ranked group (4) is toward the rear, the remaining three groups radiate toward the viewer like the spokes of a steering wheel. If the di",molecular_structure,figure,True
5,OpenStax,Figure 5.9,"for an example of how to assign configuration. Sequence rule 1 says that -OH is ranked 1 and -H is ranked 4, but it doesn’t allow us to distinguish between -CH3 and -CO2H because both groups have carbon as their first atom. Sequence rule 2,",other,figure,True
5,OpenStax,Figure 5.10,"Assigning configuration to (a) (-)-glyceraldehyde. (b) (+)-alanine. Both happen to have the S configuration, although one is levorotatory and the other is dextrorotatory.",other,figure,True
5,OpenStax,Figure 5.11,The four stereoisomers of 2-amino-3-hydroxybutanoic acid.,other,figure,True
5,OpenStax,Figure 5.12,A symmetry plane through the C2-C3 bond of meso-tartaric acid makes the molecule achiral.,molecular_structure,figure,True
5,OpenStax,Figure 5.13,Reaction of racemic lactic acid with achiral methylamine gives a racemic mixture of ammonium salts.,reaction_mechanism,figure,True
5,OpenStax,Figure 5.14,"Reaction of racemic lactic acid with (R)-1-phenylethylamine yields a mixture of diastereomeric ammonium salts, which have different properties and can be separated.",reaction_mechanism,figure,True
5,OpenStax,Figure 5.15,A summary of the different kinds of isomers.,other,figure,True
5,OpenStax,Figure 5.16,"Interaction of a chiral object with a chiral receptor. A left hand interacts with a chiral object, much as a biological receptor interacts with a chiral molecule. (a) One enantiomer fits into the hand perfectly: green thumb, red palm, and g",molecular_structure,figure,True
5,OpenStax,Figure 5.17,"(a) When a prochiral molecule is held in a chiral environment, the two seemingly identical substituents are distinguishable. (b) Similarly, when an achiral coffee mug is held in the chiral environment of your hand, it’s much easier to drink",molecular_structure,figure,True
5,OpenStax,Figure 5.18,"The S enantiomer of ibuprofen soothes the aches and pains of athletic injuries much more effectively than the R enantiomer. (credit: “World Athletic Championships 2007 in Osaka” by Eckhard Pecher/Wikimedia Commons, CC BY 2.5)",other,figure,True
5,OpenStax,Table 5.1,Specific Rotations of Some Organic Molecules,data_table,table,True
5,OpenStax,Table 5.2,Relationships among the Four Stereoisomers of Threonine,data_table,table,True
5,OpenStax,Table 5.3,Some Properties of the Stereoisomers of Tartaric Acid Some Properties of the Stereoisomers of Tartaric Acid Stereoisomer Melting point (°C) [α]D Density (g/cm3) Solubility at 20 °C (g/100 mL H2O),data_table,table,True
5,ChemIllusion,blk-d45a66bb,blk-d45a66bb,callout,callout,False
5,ChemIllusion,blk-44002118,"(R)-Bromochlorofluoromethane, the simplest chiral molecule",molecular_structure,molecule,True
5,ChemIllusion,blk-80b5dc4a,"(S)-Bromochlorofluoromethane, the mirror image",molecular_structure,molecule,True
5,ChemIllusion,blk-fe6486f0,"Propan-2-ol, an achiral molecule for contrast",molecular_structure,molecule,True
5,ChemIllusion,blk-66cdce47,blk-66cdce47,callout,callout,False
5,ChemIllusion,blk-5c0f661f,blk-5c0f661f,callout,callout,False
5,ChemIllusion,blk-6a1eb352,(R)-Butan-2-ol,molecular_structure,molecule,True
5,ChemIllusion,blk-0f849680,(S)-Butan-2-ol,molecular_structure,molecule,True
5,ChemIllusion,blk-9ac1b529,blk-9ac1b529,callout,callout,False
5,ChemIllusion,blk-3e29350f,blk-3e29350f,callout,callout,False
5,ChemIllusion,blk-f167c593,(R)-2-Bromobutane,molecular_structure,molecule,True
5,ChemIllusion,blk-3078193d,D-(R)-Glyceraldehyde,molecular_structure,molecule,True
5,ChemIllusion,blk-e365e37c,blk-e365e37c,callout,callout,False
5,ChemIllusion,blk-3e29350f-1,blk-3e29350f-1,callout,callout,False
5,ChemIllusion,blk-e60d6e9b,Tracing CIP priorities on (R)-2-bromobutane,data_table,molecule,True
5,ChemIllusion,blk-bf274341,Tracing CIP priorities on (S)-2-bromobutane,data_table,molecule,True
5,ChemIllusion,blk-875e7f6f,blk-875e7f6f,callout,callout,False
5,ChemIllusion,blk-cea5f962,blk-cea5f962,callout,callout,False
5,ChemIllusion,blk-a133e00a,"(R,R)-Tartaric acid",molecular_structure,molecule,True
5,ChemIllusion,blk-8bea7e91,meso-Tartaric acid,molecular_structure,molecule,True
5,ChemIllusion,blk-c9761cca,"3-Bromobutan-2-ol, a molecule with two different stereocenters",molecular_structure,molecule,True
5,ChemIllusion,blk-ade65c01,blk-ade65c01,callout,callout,False
5,ChemIllusion,blk-8c1b1188,blk-8c1b1188,callout,callout,False
5,ChemIllusion,blk-dd84eb7f,blk-dd84eb7f,callout,callout,False
5,ChemIllusion,blk-473eea61,blk-473eea61,callout,callout,False
5,ChemIllusion,blk-0bb9d0d7,"L-Alanine, a chiral building block of proteins",molecular_structure,molecule,True
5,ChemIllusion,blk-b3464606,blk-b3464606,image,image,True
5,ChemIllusion,blk-7d335fc9,blk-7d335fc9,callout,callout,False
6,OpenStax,Figure 6.1,"Many chemical reactions are like pole vaulters going over the bar. They need a big, initial push of activation energy. (credit: modification of work “UChicago Pole Vault” by Eric Guo/Flickr, CC BY 2.0)",other,figure,True
6,OpenStax,Figure 6.2,Some nucleophiles and electrophiles. Electrostatic potential maps identify the nucleophilic (negative) and electrophilic (positive) atoms.,molecular_property_model,figure,True
6,OpenStax,Figure 6.3,A comparison of carbon-carbon single and double bonds. A double bond is both more accessible to approaching reactants than a single bond and more electron-rich (more nucleophilic). An electrostatic potential map of ethylene indicates that t,molecular_property_model,figure,True
6,OpenStax,Figure 6.4,MECHANISM,reaction_mechanism,figure,True
6,OpenStax,Figure 6.5,"An energy diagram for the first step in the reaction of ethylene with HBr. The energy difference between reactants and the transition state, ΔG‡, defines the reaction rate. The energy difference between reactants and carbocation product, ΔG",reaction_mechanism,figure,True
6,OpenStax,Figure 6.6,"A hypothetical transition-state structure for the first step of the reaction of ethylene with HBr. The pi bond and H-Br bond are just beginning to break, and the C-H bond is just beginning to form. The energy difference between reactants an",reaction_mechanism,figure,True
6,OpenStax,Figure 6.7,illustrates some different possibilities.,other,figure,True
6,OpenStax,Figure 6.8,"An energy diagram for the reaction of ethylene with HBr. Two separate steps are involved, each with its own activation energy (ΔG‡) and free-energy change (ΔG°). The overall ΔG‡ for the complete reaction is the energy difference between rea",reaction_mechanism,figure,True
6,OpenStax,Figure 6.9,"Energy diagrams for a typical, enzyme-catalyzed biological reaction and an uncatalyzed laboratory reaction. The biological reaction involves many steps, each of which has a relatively small activation energy and small energy change. The end",biological_context,figure,True
6,OpenStax,Figure 6.10,"shows a molecular model of hexokinase, along with an X-ray crystal structure of the glucose substrate and adenosine diphosphate (ADP) bound in the active site. Hexokinase is an enzyme that catalyzes the initial step of glucose metabolism-th",molecular_structure,figure,True
6,OpenStax,Figure 6.11,"Introduced in June, 2006, Gardasil is the first vaccine ever approved for the prevention of cancer. Where do new drugs like this come from? (credit: modification of work “COVIran Barekat vaccine production” by Sadegh Nikgostar/Wikimedia Com",biological_context,figure,True
6,OpenStax,Table 6.1,Polarity Patterns in Some Common Functional Groups,data_table,table,True
6,OpenStax,Table 6.2,describes the thermodynamic terms more fully.,data_table,table,True
6,OpenStax,Table 6.3,lists some other bond strengths. 188 6 • An Overview of Organic Reactions,data_table,table,True
6,OpenStax,Table 6.4,summarizes some of the differences between laboratory and biological reactions. 196 6 • An Overview of Organic Reactions,data_table,table,True
6,ChemIllusion,blk-6883fc3f,blk-6883fc3f,callout,callout,False
6,ChemIllusion,blk-435c2c67,"But-2-ene, an addition substrate",reaction_mechanism,molecule,True
6,ChemIllusion,blk-3aed7df5,"2-Bromobutane, an addition product",molecular_structure,molecule,True
6,ChemIllusion,blk-33917b9b,"2-Bromo-2-methylpropane, a substitution and elimination substrate",molecular_structure,molecule,True
6,ChemIllusion,blk-079c1bc3,Addition: HBr adds across the double bond of but-2-ene,atomic_orbital,reaction,True
6,ChemIllusion,blk-062de3a7,Elimination: 2-bromo-2-methylpropane loses the elements of HBr,atomic_orbital,reaction,True
6,ChemIllusion,blk-81a9b5bf,Substitution: hydroxide displaces bromide from bromomethane,reaction,reaction,True
6,ChemIllusion,blk-0fed6973,Rearrangement: a hydride shift converts one carbocation into its isomer,data_table,reaction,True
6,ChemIllusion,blk-1c0c5a43,Rearrangement: a methyl (alkyl) shift converts one carbocation into a more stable isomer,data_table,reaction,True
6,ChemIllusion,blk-82b085d4,blk-82b085d4,callout,callout,False
6,ChemIllusion,blk-c16fa512,blk-c16fa512,callout,callout,False
6,ChemIllusion,blk-806c288d,"Molecular chlorine, a bond that cleaves homolytically",molecular_structure,molecule,True
6,ChemIllusion,blk-f6e094b9,"The tert-butyl cation, an electrophilic intermediate",molecular_structure,molecule,True
6,ChemIllusion,blk-585d65b2,"Hydroxide ion, a nucleophile",reaction_mechanism,molecule,True
6,ChemIllusion,blk-28c8236c,blk-28c8236c,callout,callout,False
6,ChemIllusion,blk-f1cc50f2,blk-f1cc50f2,callout,callout,False
6,ChemIllusion,blk-8f01b77e,"Bromomethane, an electrophilic carbon",molecular_structure,molecule,True
6,ChemIllusion,blk-4e5c056d,"Methanol, a substitution product",molecular_structure,molecule,True
6,ChemIllusion,blk-42470fc6,blk-42470fc6,callout,callout,False
6,ChemIllusion,blk-b3ab9919,blk-b3ab9919,callout,callout,False
6,ChemIllusion,blk-a03d8f9b,Single-step exergonic reaction,energy_diagram,reaction_coordinate,True
6,ChemIllusion,blk-c816db0f,blk-c816db0f,callout,callout,False
6,ChemIllusion,blk-2d56f000,blk-2d56f000,callout,callout,False
6,ChemIllusion,blk-2499ae05,blk-2499ae05,callout,callout,False
6,ChemIllusion,blk-fdf3ff9b,blk-fdf3ff9b,callout,callout,False
6,ChemIllusion,blk-040a8fd6,Two-step reaction with an intermediate,energy_diagram,reaction_coordinate,True
6,ChemIllusion,blk-e35684b4,blk-e35684b4,callout,callout,False
7,OpenStax,Figure 7.1,"Tomatoes are good for you. Their red color is due to lycopene, which has 13 double bonds. (credit: modification of work “Tomatoes” by Jeremy Keith/Flickr, CC BY 2.0)",other,figure,True
7,OpenStax,Figure 7.2,"Compounds derived industrially from ethylene and propylene. Ethylene, propylene, and butene are synthesized from (C2-C8) alkanes by a process called steam cracking at temperatures up to 900 °C.",other,figure,True
7,OpenStax,Figure 7.3,The pi bond must break for rotation to take place around a carbon-carbon double bond.,other,figure,True
7,OpenStax,Figure 7.4,"Cis and trans isomers of 2-butene. The cis isomer has the two methyl groups on the same side of the double bond, and the trans isomer has methyl groups on opposite sides.",other,figure,True
7,OpenStax,Figure 7.5,The requirement for cis-trans isomerism in alkenes. Compounds that have one of their carbons bonded to two identical groups can’t exist as cis-trans isomers. Only when both carbons are bonded to two different groups is cis-trans isomerism p,other,figure,True
7,OpenStax,Figure 7.6,Energy diagrams for hydrogenation of cis- and trans-2-butene. The cis isomer is higher in energy than the trans isomer by about 2.8 kJ/mol and therefore releases more energy when hydrogenated. If we were to measure the so-called heats of hy,other,figure,True
7,OpenStax,Figure 7.7,"Hyperconjugation is a stabilizing interaction between the ═ pi orbital and adjacent C-H sigma bonds on substituents. The more substituents there are, the greater the stabilization of the alkene. A second factor that contributes to alkene st",atomic_orbital,figure,True
7,OpenStax,Figure 7.8,for an electrophilic addition reaction. 220 7 • Alkenes: Structure and Reactivity,other,figure,True
7,OpenStax,Figure 7.9,by the fact that ΔG1‡ is larger than ΔG2‡.,other,figure,True
7,OpenStax,Figure 7.10,The structure of a carbocation. The trivalent carbon is sp2-hybridized and has a vacant p orbital perpendicular to the plane of the carbon and three attached groups. The second point to explore involves carbocation stability. 2-Methylpropen,atomic_orbital,figure,True
7,OpenStax,Figure 7.11,"are taken from measurements made in the gas phase, but a similar stability order is found for carbocations in solution. The dissociation enthalpies are much lower in solution because polar solvents can stabilize the ions, but the order of c",other,figure,True
7,OpenStax,Figure 7.12,"A comparison of inductive stabilization for methyl, primary, secondary, and tertiary carbocations. The more alkyl groups that are bonded to the positively charged carbon, the more electron density shifts toward the charge, making the charge",atomic_orbital,figure,True
7,OpenStax,Figure 7.13,"shows the molecular orbital for the ethyl carbocation, CH3CH2+, and indicates the difference between the C-H bond perpendicular to the cation p orbital and the two C-H bonds more parallel to the cation p orbital. Only these roughly parallel",atomic_orbital,figure,True
7,OpenStax,Figure 7.14,"Energy diagrams for two similar competing reactions. In (a), the faster reaction yields the more s",other,figure,True
7,OpenStax,Figure 7.15,"Energy diagrams for endergonic and exergonic steps. (a) In an endergonic step, the energy levels of transition state and product are closer. (b) In an exergonic step, the energy levels of transition state and reactant are closer.",other,figure,True
7,OpenStax,Figure 7.16,Energy diagrams for carbocation formation. The more s,other,figure,True
7,OpenStax,Figure 7.17,"The hypothetical structure of a transition state for alkene protonation. The transition state is closer in both energy and structure to the carbocation than to the alkene. Thus, an increase in carbocation stability (lower ΔG°) also causes a",molecular_structure,figure,True
7,OpenStax,Figure 7.18,"Rapamycin, an immunosuppressant natural product used during organ transplants, was originally isolated from a soil sample found on Rapa Nui (Easter Island), an island 2200 miles off the coast of Chile known for its giant Moai statues. (cred",biological_context,figure,True
7,OpenStax,Table 7.1,"lists several other common names that are often used and are recognized by IUPAC. Note also that a =CH2 substituent is called a methylene group, a substituent is called a vinyl group, and a substituent is called an allyl group.",data_table,table,True
7,OpenStax,Table 7.2,Heats of Hydrogenation of Some Alkenes,data_table,table,True
7,ChemIllusion,blk-391fc1c6,blk-391fc1c6,callout,callout,False
7,ChemIllusion,blk-536a9a0a,Ethene (ethylene),molecular_structure,molecule,True
7,ChemIllusion,blk-374a6fc2,Prop-1-ene (propene),molecular_structure,molecule,True
7,ChemIllusion,blk-e8b46e25,blk-e8b46e25,callout,callout,False
7,ChemIllusion,blk-9c4f7565,blk-9c4f7565,callout,callout,False
7,ChemIllusion,blk-de6fcf7d,But-2-ene,molecular_structure,molecule,True
7,ChemIllusion,blk-de932642,blk-de932642,teaching_asset,teaching_asset,False
7,ChemIllusion,blk-dca217d8,blk-dca217d8,callout,callout,False
7,ChemIllusion,blk-0783a9d8,blk-0783a9d8,callout,callout,False
7,ChemIllusion,blk-1e4eb3cc,blk-1e4eb3cc,callout,callout,False
7,ChemIllusion,blk-6c5fc511,blk-6c5fc511,callout,callout,False
7,ChemIllusion,blk-0cc50762,Markovnikov product: 2-bromopropane (isopropyl bromide),molecular_structure,molecule,True
7,ChemIllusion,blk-544f9163,blk-544f9163,callout,callout,False
7,ChemIllusion,blk-72ea1aa2,blk-72ea1aa2,callout,callout,False
7,ChemIllusion,blk-b9422f92,Hydration product: propan-2-ol (isopropyl alcohol),molecular_structure,molecule,True
7,ChemIllusion,blk-45f2cf93,blk-45f2cf93,callout,callout,False
7,ChemIllusion,blk-c7933cdb,blk-c7933cdb,callout,callout,False
7,ChemIllusion,blk-d6994054,"Halogenation product: 2,3-dibromobutane",molecular_structure,molecule,True
7,ChemIllusion,blk-5e4b9236,blk-5e4b9236,callout,callout,False
8,OpenStax,Figure 8.1,"The Spectra fiber used to make the bulletproof vests used by police and military is made of ultra-high-molecular-weight polyethylene, a simple alkene polymer. (credit: modification of work “US Navy 081028-N-3857R-007 Seabees participate in ",biological_context,figure,True
8,OpenStax,Figure 8.2,Some useful alkene reactions. 8.1 Preparing Alkenes: A Preview of Elimination Reactions Before getting to the main subject of this chapter-the reactions of alkenes-let’s take a brief look at how alkenes are prepared. The subject is a bit co,biological_context,figure,True
8,OpenStax,Figure 8.3,MECHANISM,reaction_mechanism,figure,True
8,OpenStax,Figure 8.4,MECHANISM,reaction_mechanism,figure,True
8,OpenStax,Figure 8.5,"Mechanism of the oxymercuration of an alkene to yield an alcohol. (1) Electrophilic addition of Hg2+ gives a mercurinium ion, which (2) reacts with water as in halohydrin formation. Loss of a proton gives an organomercury product, and (3) r",reaction_mechanism,figure,True
8,OpenStax,Figure 8.6,"Mechanism of alkene hydroboration. The reaction occurs in a single step in which the C-H and C-B bonds form at the same time and on the same face of the double bond. The lower energy, more rapidly formed transition state is the one with les",reaction_mechanism,figure,True
8,OpenStax,Figure 8.7,MECHANISM,reaction_mechanism,figure,True
8,OpenStax,Figure 8.8,"Catalytic hydrogenation of polyunsaturated fats leads primarily to saturated products, along with a small amount of isomerized trans fats.",other,figure,True
8,OpenStax,Figure 8.9,"Reduction of the carbon-carbon double bond in trans-crotonyl ACP, a step in the biosynthesis of fatty acids. One hydrogen is delivered from NADPH as a hydride ion, H:-; the other hydrogen is delivered by protonation of the anion intermediat",other,figure,True
8,OpenStax,Figure 8.10,MECHANISM,reaction_mechanism,figure,True
8,OpenStax,Figure 8.11,The structure of dichlorocarbene. Electrostatic potential maps show how the positive region coincides with the empty p orbital in both dichlorocarbene and a carbocation (CH3+). The negative region in the dichlorocarbene map coincides with t,atomic_orbital,figure,True
8,OpenStax,Figure 8.12,Pathway for the biosynthesis of prostaglandins from arachidonic acid. Steps 2 and 5 are radical addition reactions to O2; steps 3 and 4 are radical additions to carbon-carbon double bonds. 8.12 Reaction Stereochemistry: Addition of H2O to a,other,figure,True
8,OpenStax,Figure 8.13,"Reaction of H2O with the carbocation resulting from protonation of 1-butene. Reaction from the top leads to S product and is the mirror image of reaction from the bottom, which leads to R product. Because they are energetically identical, t",reaction_mechanism,figure,True
8,OpenStax,Figure 8.14,"Stereochemistry of the acid-catalyzed addition of H2O to the chiral alkene, (R)-4-methyl-1-hexene. A mixture of diastereomeric 2R,4R and 2S,4R products is formed in unequal amounts because reaction of the chiral carbocation intermediate is ",reaction_mechanism,figure,True
8,OpenStax,Figure 8.15,"The wonderful fragrance of leaves from the California bay laurel is due primarily to myrcene, a simple terpene. (credit: “California Bay Umbellularia californica” by Don Loaire/Flickr, CC BY 2.0)",other,figure,True
8,OpenStax,Table 8.1,"shows some commercially important alkene polymers, their uses, and the monomers from which they are made. 268 8 • Alkenes: Reactions and Synthesis",data_table,table,True
8,ChemIllusion,blk-ba6db310,blk-ba6db310,callout,callout,False
8,ChemIllusion,blk-4ca565d1,Hydrogenation substrate: but-2-ene,molecular_structure,molecule,True
8,ChemIllusion,blk-7f7d4652,Hydrogenation product: butane,molecular_structure,molecule,True
8,ChemIllusion,blk-9d95f52e,Hydrogenation: but-2-ene + H₂ (Pd/C) gives butane,reaction_mechanism,reaction,True
8,ChemIllusion,blk-96cd391a,"Syn delivery made visible: 1,2-dimethylcyclohexene gives cis-1,2-dimethylcyclohexane (H₂, Pd/C)",reaction_mechanism,reaction,True
8,ChemIllusion,blk-2e8d82c1,blk-2e8d82c1,callout,callout,False
8,ChemIllusion,blk-d15a4bbe,blk-d15a4bbe,callout,callout,False
8,ChemIllusion,blk-e3c716e2,Hydroboration substrate: but-1-ene,molecular_structure,molecule,True
8,ChemIllusion,blk-54cd4eab,Anti-Markovnikov product: butan-1-ol,molecular_structure,molecule,True
8,ChemIllusion,blk-67fff9f0,"Hydroboration-oxidation: but-1-ene gives butan-1-ol (BH₃.THF; then H₂O₂, NaOH)",reaction_mechanism,reaction,True
8,ChemIllusion,blk-a89a5c72,blk-a89a5c72,image,image,True
8,ChemIllusion,blk-0123eaee,blk-0123eaee,callout,callout,False
8,ChemIllusion,blk-10f215c3,blk-10f215c3,callout,callout,False
8,ChemIllusion,blk-80312e01,Epoxidation substrate: propene,molecular_structure,molecule,True
8,ChemIllusion,blk-325e5d53,Epoxidation product: 2-methyloxirane,molecular_structure,molecule,True
8,ChemIllusion,blk-31e3b631,Epoxidation reaction coordinate (concerted),energy_diagram,reaction_coordinate,True
8,ChemIllusion,blk-dc2ae9fa,"Stereospecific epoxidation: (E)-but-2-ene gives trans-2,3-dimethyloxirane (mCPBA; racemic, one enantiomer shown)",reaction_mechanism,reaction,True
8,ChemIllusion,blk-d5334d92,blk-d5334d92,callout,callout,False
8,ChemIllusion,blk-96111d17,blk-96111d17,callout,callout,False
8,ChemIllusion,blk-31eea0b4,Dihydroxylation substrate: propene,molecular_structure,molecule,True
8,ChemIllusion,blk-34acdd88,"Dihydroxylation product: propane-1,2-diol",molecular_structure,molecule,True
8,ChemIllusion,blk-99ec3488,"Syn dihydroxylation: cyclopentene gives cis-cyclopentane-1,2-diol (OsO₄, then NaHSO₃)",reaction_mechanism,reaction,True
8,ChemIllusion,blk-a5fad9b5,blk-a5fad9b5,image,image,True
8,ChemIllusion,blk-be870b65,blk-be870b65,callout,callout,False
8,ChemIllusion,blk-8700be51,blk-8700be51,callout,callout,False
8,ChemIllusion,blk-fba3572d,Ozonolysis substrate: 2-methylbut-2-ene,molecular_structure,molecule,True
8,ChemIllusion,blk-ea2f0b52,Ozonolysis product: acetone,molecular_structure,molecule,True
8,ChemIllusion,blk-070406f1,Ozonolysis product: acetaldehyde,molecular_structure,molecule,True
8,ChemIllusion,blk-8cc045b5,Ozonolysis: 2-methylbut-2-ene gives acetone + acetaldehyde (O₃; then Zn/H₂O),reaction_mechanism,reaction,True
8,ChemIllusion,blk-6c031b9c,blk-6c031b9c,image,image,True
8,ChemIllusion,blk-385230a5,blk-385230a5,callout,callout,False
8,ChemIllusion,blk-b33d5298,blk-b33d5298,callout,callout,False
8,ChemIllusion,blk-de84d7fe,Markovnikov product: butan-2-ol,molecular_structure,molecule,True
8,ChemIllusion,blk-d6f2c111,blk-d6f2c111,callout,callout,False
9,OpenStax,Figure 9.1,"Synthesizing organic compounds is like conducting a musical group. When in tune, chemists can create highly complex organic compounds. (credit: modification of work “Jazz great visits Navy” by U.S. Navy, Michael Worner/Wikimedia Commons, Pu",other,figure,True
9,OpenStax,Figure 9.2,"The structure of acetylene, . The bond angles are 180°, and the bond length is 120 pm. The electrostatic potential map shows that the pi bonds create a negative belt around the molecule.",molecular_property_model,figure,True
9,OpenStax,Figure 9.3,The structure of a secondary vinylic carbocation. The cationic carbon atom is sp-hybridized and has a vacant p orbital perpendicular to the plane of the pi bond orbitals. Only one R group is attached to the positively charged carbon rather ,atomic_orbital,figure,True
9,OpenStax,Figure 9.4,MECHANISM,reaction_mechanism,figure,True
9,OpenStax,Figure 9.5,MECHANISM,reaction_mechanism,figure,True
9,OpenStax,Figure 9.6,"A comparison of alkyl, vinylic, and acetylide anions. The acetylide anion, with sp hybridization, has more s character and is more stable. Electrostatic potential maps show that placing the negative charge closer to the carbon nucleus makes",atomic_orbital,figure,True
9,OpenStax,Figure 9.7,MECHANISM,reaction_mechanism,figure,True
9,OpenStax,Figure 9.8,"Vitamin B12 has been synthesized from scratch in the laboratory, but the bacteria growing on sludge from municipal sewage plants do a much better job. (credit: “Aeration and sludge-wasting” by U.S. Department of Agriculture/Flickr, Public D",biological_context,figure,True
9,OpenStax,Table 9.1,"show, both methane (pKa ≈ 60) and ethylene (pKa = 44) are very weak acids and thus do not react with any of the common bases. Acetylene, however, has pKa = 25 and can be deprotonated by the conjugate base of any acid whose pKa is greater th",data_table,table,True
9,ChemIllusion,blk-511bb4b9,blk-511bb4b9,callout,callout,False
9,ChemIllusion,blk-cab8a005,"Propyne, a terminal alkyne",molecular_structure,molecule,True
9,ChemIllusion,blk-e1ae5e24,"But-2-yne, an internal alkyne",molecular_structure,molecule,True
9,ChemIllusion,blk-89bd825d,blk-89bd825d,callout,callout,False
9,ChemIllusion,blk-51a1d53d,blk-51a1d53d,callout,callout,False
9,ChemIllusion,blk-508f7782,"But-1-yne, numbered from the triple bond",molecular_structure,molecule,True
9,ChemIllusion,blk-95b2522e,"Pent-2-yne, the acetylide alkylation product",molecular_structure,molecule,True
9,ChemIllusion,blk-981d2210,blk-981d2210,callout,callout,False
9,ChemIllusion,blk-7146641a,blk-7146641a,callout,callout,False
9,ChemIllusion,blk-2797bb5d,"2-Bromopropene, the Markovnikov addition product",molecular_structure,molecule,True
9,ChemIllusion,blk-7e8c333d,"2,2-Dibromopropane, the geminal dihalide",molecular_structure,molecule,True
9,ChemIllusion,blk-82ddde3c,"Halogen addition to an alkyne (anti, gives the E-dihaloalkene)",atomic_orbital,reaction,True
9,ChemIllusion,blk-aabfe3d5,blk-aabfe3d5,callout,callout,False
9,ChemIllusion,blk-c9e74c4a,blk-c9e74c4a,callout,callout,False
9,ChemIllusion,blk-e1998b14,The enol intermediate from Markovnikov hydration,molecular_structure,molecule,True
9,ChemIllusion,blk-64fdb701,"Acetone, the ketone from Markovnikov hydration",molecular_structure,molecule,True
9,ChemIllusion,blk-f77e4a4c,"Propanal, the aldehyde from hydroboration-oxidation",molecular_structure,molecule,True
9,ChemIllusion,blk-6b22afd4,blk-6b22afd4,callout,callout,False
9,ChemIllusion,blk-13adeeb9,blk-13adeeb9,callout,callout,False
9,ChemIllusion,blk-1a8b2813,cis-2-Butene from partial hydrogenation,molecular_geometry,molecule,True
9,ChemIllusion,blk-6a05f6c9,trans-2-Butene from dissolving-metal reduction,molecular_geometry,molecule,True
9,ChemIllusion,blk-eb88db8e,Butane from complete hydrogenation,molecular_structure,molecule,True
9,ChemIllusion,blk-2877c0b8,Dissolving-metal reduction of an internal alkyne to the trans (E)-alkene,reaction,reaction,True
9,ChemIllusion,blk-75cfb3bd,blk-75cfb3bd,callout,callout,False
9,ChemIllusion,blk-972eb0c1,blk-972eb0c1,callout,callout,False
9,ChemIllusion,blk-6ffa81c5,"Propynide, the acetylide anion",atomic_orbital,molecule,True
9,ChemIllusion,blk-3fb8dbc7,"Propene, for the vinylic C-H comparison",molecular_structure,molecule,True
9,ChemIllusion,blk-3dbfa1db,"Propane, for the alkane C-H comparison",molecular_structure,molecule,True
9,ChemIllusion,blk-d402f5f2,blk-d402f5f2,callout,callout,False
9,ChemIllusion,blk-aa6b141e,blk-aa6b141e,callout,callout,False
9,ChemIllusion,blk-5bbcac99,"Bromoethane, a primary alkyl halide",molecular_structure,molecule,True
9,ChemIllusion,blk-08fdf3ff,blk-08fdf3ff,molecular_geometry,teaching_asset,False
9,ChemIllusion,blk-670bb3ac,blk-670bb3ac,callout,callout,False
10,OpenStax,Figure 10.1,"The gases released during volcanic eruptions contain large amounts of organohalides, including chloromethane, chloroform, dichlorodifluoromethane, and many others. (credit: modification of work “Tavurvur volcano” by Taro Taylor, Richard Bar",other,figure,True
10,OpenStax,Figure 10.2,for chlorination.,other,figure,True
10,OpenStax,Figure 10.3,Mechanism of allylic bromination of an alkene with NBS. The process is a radical chain reaction in which (1) a Br· radical abstracts an allylic hydrogen atom of the alkene and gives an allylic radical plus HBr. (2) The HBr then reacts with ,reaction_mechanism,figure,True
10,OpenStax,Figure 10.4,"An orbital view of the allyl radical. The p orbital on the central carbon can overlap equally well with a p orbital on either neighboring carbon, giving rise to two equivalent resonance structures.",atomic_orbital,figure,True
10,OpenStax,Figure 10.5,The spin density surface of the allyl radical locates the position of the unpaired electron and shows that it is equally shared between the two terminal carbons.,other,figure,True
10,OpenStax,Figure 10.6,"Mechanism of the Suzuki-Miyaura coupling reaction of an aromatic boronic acid with an aromatic halide to give a biaryl. The reaction takes place by (1) reaction of the aromatic halide, ArX, with the catalyst to form an organopalladium inter",reaction_mechanism,figure,True
10,OpenStax,Figure 10.7,Oxidation levels of some common compounds.,other,figure,True
10,OpenStax,Figure 10.8,"Marine corals secrete organohalogen compounds that act as a feeding deterrent to fish. (credit: “Coral reef” by Qui Nguyen, United Nations Environment Programme/Flickr, Public Domain) 332 10 • Key Terms",other,figure,True
10,OpenStax,Table 10.1,A Comparison of the Halomethanes,data_table,table,True
10,ChemIllusion,blk-66ae1460,blk-66ae1460,callout,callout,False
10,ChemIllusion,blk-74d1372e,"2-Bromobutane, a secondary alkyl halide",molecular_structure,molecule,True
10,ChemIllusion,blk-b5b1272a,"2-Chloro-2-methylpropane, a tertiary alkyl halide",molecular_structure,molecule,True
10,ChemIllusion,blk-b8976898,"1-Chlorobutane, a primary alkyl halide",molecular_structure,molecule,True
10,ChemIllusion,blk-53d25958,"Chloroethene, a vinylic halide",molecular_structure,molecule,True
10,ChemIllusion,blk-ea609a8e,blk-ea609a8e,callout,callout,False
10,ChemIllusion,blk-15e3768e,blk-15e3768e,callout,callout,False
10,ChemIllusion,blk-2762a1d3,"2-Bromo-2-methylbutane, the selective bromination product",molecular_structure,molecule,True
10,ChemIllusion,blk-81c1324b,blk-81c1324b,callout,callout,False
10,ChemIllusion,blk-3f98dd0b,blk-3f98dd0b,callout,callout,False
10,ChemIllusion,blk-53714ae7,"Propene, showing the allylic position",molecular_structure,molecule,True
10,ChemIllusion,blk-242e0d77,"3-Bromoprop-1-ene (allyl bromide), an allylic halide",molecular_structure,molecule,True
10,ChemIllusion,blk-327e1523,"Cyclohexene, an allylic-bromination substrate",molecular_structure,molecule,True
10,ChemIllusion,blk-365c9d25,blk-365c9d25,callout,callout,False
10,ChemIllusion,blk-7a5fe0e3,blk-7a5fe0e3,callout,callout,False
10,ChemIllusion,blk-f92b68ac,"But-1-ene, an unsymmetrical allylic substrate",molecular_structure,molecule,True
10,ChemIllusion,blk-91cee04b,"3-Bromo-1-butene, one allylic-bromination product",molecular_structure,molecule,True
10,ChemIllusion,blk-8cc704c7,"1-Bromo-2-butene, the resonance-shifted product",molecular_structure,molecule,True
10,ChemIllusion,blk-576c5792,blk-576c5792,callout,callout,False
10,ChemIllusion,blk-9fed9329,blk-9fed9329,callout,callout,False
10,ChemIllusion,blk-2bc12645,1-Butanol converted to 1-bromobutane,reaction,reaction,True
10,ChemIllusion,blk-247baa53,Grignard reagent formation from 1-bromobutane,reaction,reaction,True
10,ChemIllusion,blk-1a6def71,blk-1a6def71,callout,callout,False
10,ChemIllusion,blk-eb30ffca,blk-eb30ffca,callout,callout,False
10,ChemIllusion,blk-3768e87f,Protonating a Grignard reagent gives the alkane,reaction,reaction,True
10,ChemIllusion,blk-9727baf8,blk-9727baf8,callout,callout,False
10,ChemIllusion,blk-49212809,blk-49212809,callout,callout,False
10,ChemIllusion,blk-ad13e8d2,blk-ad13e8d2,callout,callout,False
11,OpenStax,Figure 11.1,"Competition occurs throughout nature. In chemistry, competition often occurs between alternative reaction pathways, such as in the substitution and elimination reactions of alkyl halides. (credit: modification of work “Bull moose fight” by ",other,figure,True
11,OpenStax,Figure 11.2,Walden’s cycle of reactions interconverting (+)- and (-)-malic acids.,other,figure,True
11,OpenStax,Figure 11.3,"A Walden cycle interconverting (+) and (-) enantiomers of 1-phenyl-2-propanol. Chirality centers are marked by asterisks, and the bonds broken in each reaction are indicated by red wavy lines. The inversion of chirality occurs in step 2, wh",other,figure,True
11,OpenStax,Figure 11.4,for the reaction of (S)-2-bromobutane with HO- to give (R)-2-butanol.,reaction_mechanism,figure,True
11,OpenStax,Figure 11.5,The transition state of an SN2 reaction has a planar arrangement of the carbon atom and the remaining three groups. Electrostatic potential maps show that negative charge is delocalized in the transition state.,molecular_property_model,figure,True
11,OpenStax,Figure 11.6,The effects of changes in reactant and transition-state energy levels on reaction rate. (a) A higher reactant energy level (red curve) corresponds to a faster reaction (smaller ∆G‡). (b) A higher transition-state energy level (red curve) co,reaction_mechanism,figure,True
11,OpenStax,Figure 11.7,"Steric hindrance to the SN2 reaction. As the models indicate, the carbon atom in (a) bromomethane is readily accessible, resulting in a fast SN2 reaction. The carbon atoms in (b) bromoethane (primary), (c) 2-bromopropane (secondary), and (d",other,figure,True
11,OpenStax,Figure 11.8,"Energy diagrams showing the effects of (a) substrate, (b) nucleophile, (c) leaving group, and (d) solvent on SN2 reaction rates. Substrate and leaving group effects are felt primarily in the transition state. Nucleophile and solvent effects",reaction_mechanism,figure,True
11,OpenStax,Figure 11.9,accounts for these observations.,other,figure,True
11,OpenStax,Figure 11.10,"An energy diagram for an SN1 reaction. The rate-limiting step is the spontaneous dissociation of the alkyl halide to give a carbocation intermediate. Reaction of the carbocation with a nucleophile then occurs in a second, faster step. Becau",reaction_mechanism,figure,True
11,OpenStax,Figure 11.11,"Stereochemistry of the SN1 reaction. Because the reaction goes through an achiral intermediate, an enantiomerically pure reactant gives an optically inactive racemic product. The conclusion that SN1 reactions on enantiomerically pure substr",reaction_mechanism,figure,True
11,OpenStax,Figure 11.12,"Ion pairs in an SN1 reaction. The leaving group shields one side of the carbocation intermediate from reaction with the nucleophile, thereby leading to some inversion of configuration rather than complete racemization.",other,figure,True
11,OpenStax,Figure 11.13,"indicates, an allylic cation has two resonance forms. In one form, the double bond is on the “left”; in the other form it’s on the “right.” A benzylic cation has five resonance forms, all of which contribute to the overall resonance hybrid.",other,figure,True
11,OpenStax,Figure 11.14,MECHANISM,reaction_mechanism,figure,True
11,OpenStax,Figure 11.15,Solvation of a carbocation by water. The electron-rich oxygen atoms of solvent molecules orient around the positively charged carbocation and thereby stabilize it.,molecular_structure,figure,True
11,OpenStax,Figure 11.16,"Biosynthesis of geraniol from dimethylallyl diphosphate. Two SN1 reactions occur, both with diphosphate ion as the leaving group. Following this initial SN1 reaction, loss of the pro-R hydrogen gives geranyl diphosphate, itself an allylic d",reaction_mechanism,figure,True
11,OpenStax,Figure 11.17,The biosynthesis of epinephrine from norepinephrine occurs by an SN2 reaction with S-adenosylmethionine. PROBLEM Review the mechanism of geraniol biosynthesis shown in,reaction_mechanism,figure,True
11,OpenStax,Figure 11.18,MECHANISM,reaction_mechanism,figure,True
11,OpenStax,Figure 11.19,The transition state for the E2 reaction of an alkyl halide with base. Overlap of the developing p orbitals in the transition state requires periplanar geometry of the reactant. You can think of E2 elimination reactions with periplanar geom,reaction_mechanism,figure,True
11,OpenStax,Figure 11.20,The geometric requirement for an E2 reaction in a substituted cyclohexane. The leaving group and the hydrogen must both be axial for anti periplanar elimination to occur.,other,figure,True
11,OpenStax,Figure 11.21,"gives a good illustration of this trans-diaxial requirement. Neomenthyl chloride undergoes elimination of HCl on reaction with ethoxide ion 200 times faster than menthyl chloride. Furthermore, neomenthyl chloride yields 3-menthene as the ma",other,figure,True
11,OpenStax,Figure 11.22,MECHANISM,reaction_mechanism,figure,True
11,OpenStax,Figure 11.23,"Elimination reactions of menthyl chloride. E2 conditions (1, strong base in 100% ethanol) lead to 2-menthene through an anti periplanar elimination, whereas E1 conditions (2, dilute base in 80% aqueous ethanol) lead to a mixture of 2-menthe",other,figure,True
11,OpenStax,Table 11.1,"lists some nucleophiles in the order of their reactivity, shows the products of their reactions with bromomethane, and gives the relative rates of their reactions. There are large differences in the rates at which various nucleophiles react",data_table,table,True
11,ChemIllusion,blk-ae39013a,blk-ae39013a,callout,callout,False
11,ChemIllusion,blk-ef8ca9bb,"Bromomethane, the ideal SN2 substrate",molecular_structure,molecule,True
11,ChemIllusion,blk-68b677be,blk-68b677be,callout,callout,False
11,ChemIllusion,blk-3eb9a3e5,blk-3eb9a3e5,callout,callout,False
11,ChemIllusion,blk-d24e9d8b,"(S)-2-Bromobutane, a single enantiomer of substrate",reaction_mechanism,molecule,True
11,ChemIllusion,blk-e21faba6,"(R)-2-Butanol, the inverted SN2 product",molecular_structure,molecule,True
11,ChemIllusion,blk-7a2a4b4c,blk-7a2a4b4c,callout,callout,False
11,ChemIllusion,blk-bb006e5e,blk-bb006e5e,callout,callout,False
11,ChemIllusion,blk-8fb4a843,"Bromoethane, a primary alkyl halide",reaction_mechanism,molecule,True
11,ChemIllusion,blk-17345f69,"2-Bromopropane, a secondary alkyl halide",molecular_structure,molecule,True
11,ChemIllusion,blk-f8bf60e1,"2-Bromo-2-methylpropane (tert-butyl bromide), a tertiary halide",reaction_mechanism,molecule,True
11,ChemIllusion,blk-db5de7d5,"Iodoethane, illustrating iodide as an excellent leaving group",data_table,molecule,True
11,ChemIllusion,blk-9c80f36a,"Butyl tosylate, a sulfonate leaving group",molecular_structure,molecule,True
11,ChemIllusion,blk-e5e3da3b,blk-e5e3da3b,callout,callout,False
11,ChemIllusion,blk-55735355,blk-55735355,callout,callout,False
11,ChemIllusion,blk-e4c20b39,Ionization of tert-butyl chloride to the tert-butyl cation,reaction_mechanism,reaction,True
11,ChemIllusion,blk-db3cd157,"2-Methyl-2-propanol (tert-butyl alcohol), the SN1 product",molecular_structure,molecule,True
11,ChemIllusion,blk-aaf4a79c,blk-aaf4a79c,callout,callout,False
11,ChemIllusion,blk-e32d76d0,blk-e32d76d0,callout,callout,False
11,ChemIllusion,blk-715cce37,blk-715cce37,callout,callout,False
11,ChemIllusion,blk-875538e8,blk-875538e8,callout,callout,False
11,ChemIllusion,blk-61f2583a,"2-Bromobutane, the substrate for the elimination examples",reaction_mechanism,molecule,True
11,ChemIllusion,blk-a727ca16,"(E)-2-Butene, the Zaitsev elimination product",data_table,molecule,True
11,ChemIllusion,blk-008bb7b6,"1-Butene, the Hofmann elimination product",molecular_structure,molecule,True
11,ChemIllusion,blk-31dd6e94,blk-31dd6e94,callout,callout,False
11,ChemIllusion,blk-cdefd5fa,blk-cdefd5fa,callout,callout,False
11,ChemIllusion,blk-62300fbd,blk-62300fbd,callout,callout,False
11,ChemIllusion,blk-965c4810,blk-965c4810,callout,callout,False
11,ChemIllusion,blk-b92340dc,"Methyl propyl ether, a Williamson ether product",reaction_mechanism,molecule,True
11,ChemIllusion,blk-635c4e7c,blk-635c4e7c,callout,callout,False
12,OpenStax,Figure 12.1,"More than a thousand different chemical compounds have been isolated from coffee. Their structures were determined using various spectroscopic techniques. (credit: modification of work ""Coffee"" by Rafael Saldaña/Flickr, CC BY 2.0)",other,figure,True
12,OpenStax,Figure 12.2,"Representation of an electron-ionization, magnetic-sector mass spectrometer. Molecules are ionized by collision with high- energy electrons, causing some of the molecules to fragment. Passage of the charged fragments through a magnetic fiel",molecular_structure,figure,True
12,OpenStax,Figure 12.3,Representation of a quadrupole mass analyzer. Only ions of a certain m/z will reach the detector; other ions will collide with the rods.,other,figure,True
12,OpenStax,Figure 12.4,shows the mass spectrum of propane. 386 12 • Structure Determination: Mass Spectrometry and Infrared Spectroscopy,other,figure,True
12,OpenStax,Figure 12.5,"Mass spectrum of 2,2-dimethylpropane (C5H12; MW = 72). No molecular ion is observed when electron-impact ionization is used. What do you think is the formula and structure of the M+ peak at m/z = 57?",molecular_structure,figure,True
12,OpenStax,Figure 12.6,"Mass spectrum of hexane (C6H14; MW = 86). The base peak is at m/z = 57, and numerous other ions are present.",other,figure,True
12,OpenStax,Figure 12.7,"shows how the hexane fragments might arise. The loss of a methyl radical (CH3, M = 15) from the hexane cation radical (M+ = 86) gives rise to a fragment of mass 86 - 15 = 71; the loss of an ethyl radical (C2H5, M = 29) accounts for a fragme",other,figure,True
12,OpenStax,Figure 12.8,Mass spectra of unlabeled samples A and B for Worked Example 12.1.,other,figure,True
12,OpenStax,Figure 12.9,Mass spectra for Problem 12-2.,other,figure,True
12,OpenStax,Figure 12.10,Mass spectrum of 2-pentanol.,other,figure,True
12,OpenStax,Figure 12.11,Mass spectrum of triethylamine. Halides,other,figure,True
12,OpenStax,Figure 12.12,"we see the molecular ion (M) at m/z = 64 for ions that contain a 35Cl and another peak at m/z = 66, called the M + 2 peak, for ions containing a 37Cl. The ratio of the relative abundance of M : M + 2 is about 3 : 1, a reflection of the isot",other,figure,True
12,OpenStax,Figure 12.13,Mass spectrum of 1-bromohexane. Carbonyl Compounds,other,figure,True
12,OpenStax,Figure 12.14,Mass spectrum of butyrophenone.,other,figure,True
12,OpenStax,Figure 12.15,"Mass spectrum of 2-methyl-3-pentanol, for Worked Example 12.2.",other,figure,True
12,OpenStax,Figure 12.16,"shows a MALDI-TOF spectrum of chicken egg-white lysozyme, MW = 14,306.7578 daltons. Biochemists generally use the unit dalton, abbreviated Da, instead of amu, although the two are equivalent (1 dalton = 1 amu).",other,figure,True
12,OpenStax,Figure 12.17,"The electromagnetic spectrum covers a continuous range of wavelengths and frequencies, from radio waves at the low- frequency end to gamma (γ) rays at the high-frequency end. The familiar visible region accounts for only a small portion nea",other,figure,True
12,OpenStax,Figure 12.18,"Electromagnetic waves are characterized by a wavelength, a frequency, and an amplitude. (a) Wavelength (λ) is the distance between two successive wave maxima. Amplitude is the height of the wave measured from the center. (b)-(c) What we per",other,figure,True
12,OpenStax,Figure 12.19,"An infrared absorption spectrum for ethanol, CH3CH2OH. A transmittance of 100% means that all the energy is passing through the sample, whereas a lower transmittance means that some energy is being absorbed. Thus, each downward spike corres",other,figure,True
12,OpenStax,Figure 12.20,The infrared and adjacent regions of the electromagnetic spectrum.,other,figure,True
12,OpenStax,Figure 12.21,"to see an example of how IR spectroscopy can be used. Although all three IR spectra contain many peaks, there are characteristic absorptions of and functional groups that allow the three compounds to be distinguished. Thus, 1-hexene shows a",other,figure,True
12,OpenStax,Figure 12.22,"The four regions of the infrared spectrum: single bonds to hydrogen, triple bonds, double bonds, and fingerprint. • The region from 4000 to 2500 cm-1 corresponds to absorptions caused by N-H, C-H, and O-H single- bond stretching motions. N-",other,figure,True
12,OpenStax,Figure 12.23,"C-H out-of-plane bending vibrations for substituted alkenes. Alkynes Alkynes show a stretching absorption at 2100 to 2260 cm-1, an absorption that is much more intense for terminal alkynes than for internal alkynes. Terminal alkynes such as",other,figure,True
12,OpenStax,Figure 12.24,C-H out-of-plane bending vibrations for substituted benzenes.,other,figure,True
12,OpenStax,Figure 12.25,IR spectrum of cyclohexanol. Amines,other,figure,True
12,OpenStax,Figure 12.26,IR spectrum of cyclohexylamine. Carbonyl Compounds,other,figure,True
12,OpenStax,Figure 12.27,The IR spectrum of benzaldehyde.,other,figure,True
12,OpenStax,Figure 12.28,IR spectrum for Worked Example 12.6.,other,figure,True
12,OpenStax,Figure 12.29,"at the end of this section, gives an example, clearly showing the following absorbances: stretch at 3300 cm-1, C-H stretches from the benzene ring at 3000 to 3100 cm-1, stretches of the benzene ring between 1450 and 1600 cm-1, and out-of-pl",other,figure,True
12,OpenStax,Figure 12.30,"The structure of human muscle fructose-1,6-bisphosphate aldolase, as determined by X-ray crystallography. (credit: modification of work Protein Data Bank, 1ALD. PDB ID: 1ALD, Gamblin, S.J. Davies, G.J. Grimes, J.M. Jackson, R.M. Littlechild",molecular_structure,figure,True
12,OpenStax,Table 12.1,lists the characteristic IR bands of some common functional groups.,data_table,table,True
12,ChemIllusion,blk-3694a761,blk-3694a761,callout,callout,False
12,ChemIllusion,blk-4aa93945,blk-4aa93945,callout,callout,False
12,ChemIllusion,blk-38aa4f39,blk-38aa4f39,callout,callout,False
12,ChemIllusion,blk-dacb2222,Hexane fragments to a family of alkyl cations,reaction,reaction,True
12,ChemIllusion,blk-948159d2,"Hexan-2-one, an alpha-cleavage and McLafferty substrate",data_table,molecule,True
12,ChemIllusion,blk-6fa66753,blk-6fa66753,callout,callout,False
12,ChemIllusion,blk-984682d9,blk-984682d9,callout,callout,False
12,ChemIllusion,blk-e7af6b44,"1-Bromopropane, showing the bromine 1:1 isotope doublet",molecular_structure,molecule,True
12,ChemIllusion,blk-cad8732e,"2-Chloropropane, showing the chlorine 3:1 isotope pattern",molecular_structure,molecule,True
12,ChemIllusion,blk-b0295daf,"Triethylamine, an odd-mass molecular ion",molecular_structure,molecule,True
12,ChemIllusion,blk-48705353,blk-48705353,callout,callout,False
12,ChemIllusion,blk-1e839cdb,blk-1e839cdb,callout,callout,False
12,ChemIllusion,blk-69390d57,"Hex-1-yne, a terminal alkyne with two diagnostic stretches",molecular_structure,molecule,True
12,ChemIllusion,blk-984f7d90,"Pent-1-ene, an alkene reference for the double-bond region",molecular_structure,molecule,True
12,ChemIllusion,blk-23bab060,blk-23bab060,callout,callout,False
12,ChemIllusion,blk-a93cda30,blk-a93cda30,callout,callout,False
12,ChemIllusion,blk-00e4c720,"Hexan-1-ol, showing the broad hydrogen-bonded O–H stretch",molecular_structure,molecule,True
12,ChemIllusion,blk-f49d9fe6,"Cyclohexanone, showing the intense ketone C=O stretch",molecular_structure,molecule,True
12,ChemIllusion,blk-e2f4500c,"Benzaldehyde, combining aromatic, aldehyde, and conjugated carbonyl bands",molecular_structure,molecule,True
12,ChemIllusion,blk-b625e965,blk-b625e965,callout,callout,False
12,ChemIllusion,blk-c00ebf9f,blk-c00ebf9f,callout,callout,False
12,ChemIllusion,blk-a1a50e43,blk-a1a50e43,callout,callout,False
13,OpenStax,Figure 13.1,"NMR spectroscopy is an invaluable aid in carrying out the design and synthesis of new drugs. (credit: modification of work by Unknown/Pxhere, CC0 1.0)",biological_context,figure,True
13,OpenStax,Figure 13.2,"(a) Nuclear spins are oriented randomly in the absence of an external magnetic field but (b) have a specific orientation in the presence of an external field, B0. Some of the spins (red) are aligned parallel to the external field while othe",other,figure,True
13,OpenStax,Figure 13.3,The energy difference ΔE between nuclear spin states depends on the strength of the applied magnetic field. Absorption of energy with frequency ν converts a nucleus from a lower spin state to a higher spin state. (a) Spin states have equal ,atomic_orbital,figure,True
13,OpenStax,Figure 13.4,"shows both the 1H and the 13C NMR spectra of methyl acetate, CH3CO2CH3. The horizontal axis shows the effective field strength felt by the nuclei, and the vertical axis indicates the intensity of absorption of rf energy. Each peak in the NM",atomic_orbital,figure,True
13,OpenStax,Figure 13.5,Schematic operation of a basic NMR spectrometer. A thin glass tube containing the sample solution is placed between the poles of a strong magnet and irradiated with rf energy.,other,figure,True
13,OpenStax,Figure 13.6,"The NMR chart. The downfield, deshielded side is on the left, and the upfield, shielded side is on the right. The tetramethylsilane (TMS) absorption is used as reference point.",other,figure,True
13,OpenStax,Figure 13.7,"The 1H NMR spectrum of methyl 2,2-dimethylpropanoate. Integrating the peaks in a stair-step manner shows that they have a 1 : 3 ratio, corresponding to the ratio of the numbers of protons (3 : 9) responsible for each peak. Modern instrument",other,figure,True
13,OpenStax,Figure 13.8,"The 1H NMR spectrum of bromoethane, CH3CH2Br. The -CH2Br protons appear as a quartet at 3.42 δ, and the -CH3 protons appear as a triplet at 1.68 δ.",other,figure,True
13,OpenStax,Figure 13.9,"The origin of spin-spin splitting in bromoethane. The nuclear spins of neighboring protons, indicated by horizontal arrows, align either with or against the applied field, causing the splitting of absorptions into multiplets. Any given mole",molecular_structure,figure,True
13,OpenStax,Figure 13.10,"shows a doublet at 1.71 δ and a seven-line multiplet, or septet, at 4.28 δ. The septet is caused by splitting of the -CHBr- proton signal by six equivalent neighboring protons on the two methyl groups (n = 6 leads to 6 + 1 = 7 peaks). The d",other,figure,True
13,OpenStax,Figure 13.11,"further illustrates these three rules. The downfield absorptions at 6.91 and 7.93 δ are due to the four aromatic-ring protons. There are two kinds of aromatic protons, each of which gives a signal that is split into a doublet by its neighbo",other,figure,True
13,OpenStax,Figure 13.12,"An integrated 1H NMR spectrum for Problem 11. 13.7 1H NMR Spectroscopy and Proton Equivalence Because each electronically distinct hydrogen in a molecule has its own unique absorption, one use of 1H NMR is to find out how many kinds of elec",molecular_structure,figure,True
13,OpenStax,Figure 13.13,"The 1H NMR spectrum of toluene, showing the accidental overlap of the five nonequivalent aromatic ring protons. Yet another complication in 1H NMR spectroscopy arises when a signal is split by two or more nonequivalent kinds of protons, as ",other,figure,True
13,OpenStax,Figure 13.14,"The 1H NMR spectrum of trans-cinnamaldehyde. The signal of the proton at C2 (blue) is split into four peaks-a doublet of doublets-by the two nonequivalent neighboring protons. To understand the 1H NMR spectrum of trans-cinnamaldehyde, we ha",other,figure,True
13,OpenStax,Figure 13.15,A tree diagram for the C2 proton of trans-cinnamaldehyde shows how it is coupled to the C1 and C3 protons with different coupling constants.,other,figure,True
13,OpenStax,Figure 13.16,"(a) The 1H NMR spectrum of cyclohexylmethanol, the product from hydroboration-oxidation of methylenecyclohexane, and (b) the 1H NMR spectrum of 1-methylcyclohexanol, the possible alternative reaction product. PROBLEM How could you use 1H NM",other,figure,True
13,OpenStax,Figure 13.17,"Carbon-13 NMR spectra of 1-pentanol, CH3CH2CH2CH2CH2OH. Spectrum (a) is a single run, showing the large amount of background noise. Spectrum (b) is an average of 200 runs.",other,figure,True
13,OpenStax,Figure 13.18,shows the correlation of chemical shift with environment.,other,figure,True
13,OpenStax,Figure 13.19,shows the 13C NMR spectra of 2-butanone and para-bromoacetophenone and indicates the peak assignments. Note that the C=O carbons are at the left edge of the spectrum in each case.,other,figure,True
13,OpenStax,Figure 13.20,"13C NMR spectrum of methyl propanoate, Problem 19. 13.12 DEPT 13C NMR Spectroscopy Numerous techniques developed in recent years have made it possible to obtain enormous amounts of information from 13C NMR spectra. Among these techniques is",molecular_structure,figure,True
13,OpenStax,Figure 13.21,"for 6-methyl-5-hepten-2-ol. The first stage is to run an ordinary spectrum (called a broadband-decoupled spectrum) to locate the chemical shifts of all carbons. Next, a second spectrum called a DEPT-90 is run, using special conditions under",other,figure,True
13,OpenStax,Figure 13.22,"The 13C NMR spectrum of 1-methylcyclohexene, the E2 reaction product from treatment of 1-chloro-1-methylcyclohexane with base.",other,figure,True
13,OpenStax,Figure 13.23,"If you’re a runner, you really don’t want this to happen to you. The MRI of this left knee shows bone formation in the tissue in a patient with osteochondroma. (credit: “Osteochondroma MRI” by Michael R Carmont, Sian Davies, Daniel Gey van ",other,figure,True
13,OpenStax,Table 13.1,The NMR Behavior of Some Common Nuclei,data_table,table,True
13,OpenStax,Table 13.2,Regions of the 1H NMR Spectrum,data_table,table,True
13,OpenStax,Table 13.3,"shows the correlation of 1H chemical shift with electronic environment in more detail. In general, protons bonded to saturated, sp3-hybridized carbons absorb at higher fields, whereas protons bonded to sp2-hybridized carbons absorb at lower",data_table,table,True
13,OpenStax,Table 13.4,Some Common Spin Multiplicities,data_table,table,True
13,ChemIllusion,blk-40be189d,blk-40be189d,callout,callout,False
13,ChemIllusion,blk-4f3b9735,"Methyl acetate, whose two proton environments give two signals",molecular_structure,molecule,True
13,ChemIllusion,blk-a54c98c4,blk-a54c98c4,callout,callout,False
13,ChemIllusion,blk-6d5ee916,blk-6d5ee916,callout,callout,False
13,ChemIllusion,blk-e04d5bbc,"Tetramethylsilane (TMS), the 0 ppm reference",molecular_structure,molecule,True
13,ChemIllusion,blk-98708d88,blk-98708d88,callout,callout,False
13,ChemIllusion,blk-b0ee2ea2,blk-b0ee2ea2,callout,callout,False
13,ChemIllusion,blk-c2e4b46a,"2-Bromopropane, whose symmetry gives two signals",molecular_structure,molecule,True
13,ChemIllusion,blk-67ad29c3,"p-Xylene, ten hydrogens condensed into two signals",molecular_structure,molecule,True
13,ChemIllusion,blk-8ed66b09,"Cyclohexane, twelve equivalent hydrogens in one line",molecular_structure,molecule,True
13,ChemIllusion,blk-3bdfbf81,blk-3bdfbf81,callout,callout,False
13,ChemIllusion,blk-afaf2a96,blk-afaf2a96,callout,callout,False
13,ChemIllusion,blk-77f52f7b,"Methyl 2,2-dimethylpropanoate, a 3:1 integration example",molecular_structure,molecule,True
13,ChemIllusion,blk-ca0a3d12,"Propanal, whose aldehyde proton absorbs near δ 9.8",molecular_structure,molecule,True
13,ChemIllusion,blk-f77ba647,blk-f77ba647,callout,callout,False
13,ChemIllusion,blk-5daa1603,blk-5daa1603,callout,callout,False
13,ChemIllusion,blk-26fa788c,"Bromoethane, the classic quartet-plus-triplet ethyl pattern",molecular_structure,molecule,True
13,ChemIllusion,blk-fee23cb9,blk-fee23cb9,teaching_asset,teaching_asset,False
13,ChemIllusion,blk-62d8da5e,"1,1-Dichloroethane, a doublet-plus-quartet pair",molecular_structure,molecule,True
13,ChemIllusion,blk-7d5a0e9c,blk-7d5a0e9c,teaching_asset,teaching_asset,False
13,ChemIllusion,blk-14ad3168,blk-14ad3168,callout,callout,False
13,ChemIllusion,blk-5daa1603-1,blk-5daa1603-1,callout,callout,False
13,ChemIllusion,blk-64d545d4,blk-64d545d4,data_table,teaching_asset,False
13,ChemIllusion,blk-9cafd5aa,blk-9cafd5aa,image,image,True
13,ChemIllusion,blk-63550bbf,blk-63550bbf,teaching_asset,teaching_asset,False
13,ChemIllusion,blk-97884771,blk-97884771,callout,callout,False
13,ChemIllusion,blk-c35a4dd7,blk-c35a4dd7,callout,callout,False
13,ChemIllusion,blk-507421f9,"Butan-2-one, four carbons in four ¹³C regions",molecular_structure,molecule,True
13,ChemIllusion,blk-9bbd86e1,blk-9bbd86e1,callout,callout,False
13,ChemIllusion,blk-f3344a3b,blk-f3344a3b,callout,callout,False
13,ChemIllusion,blk-1ae842b2,"Ethyl acetate, whose δ 4.1 quartet locates the CH₂ on oxygen",molecular_structure,molecule,True
13,ChemIllusion,blk-fd9614c6,"Methyl propanoate, the isomer whose quartet sits at δ 2.3",molecular_structure,molecule,True
13,ChemIllusion,blk-a788caa7,blk-a788caa7,callout,callout,False
14,OpenStax,Figure 14.1,"Saffron, derived from stigmas of the saffron crocus, is the world’s most expensive spice. Its color is caused by the presence of alternating single and double bonds. (credit: modification of work “Welcome to My World! ~ Huron River Watershe",other,figure,True
14,OpenStax,Figure 14.2,"Two p orbitals combine to form two pi molecular orbitals. Both electrons occupy the low-energy, bonding orbital, leading to a net lowering of energy and formation of a s",atomic_orbital,figure,True
14,OpenStax,Figure 14.3,"Four pi molecular orbitals in 1,3-butadiene. Note that the number of nodes between nuclei increases as the energy level of the orbital increases.",atomic_orbital,figure,True
14,OpenStax,Figure 14.4,"Electrostatic potential maps of 1,3-butadiene (conjugated) and 1,4-pentadiene (nonconjugated). Additional electron density is present in the central C-C bond of 1,3-butadiene, corresponding to partial double-bond character.",atomic_orbital,figure,True
14,OpenStax,Figure 14.5,"An electrostatic potential map of the allylic carbocation produced by protonation of 1,3-butadiene shows that the positive charge is shared by carbons 1 and 3. Reaction of Br- with the more positive carbon (C3) predominantly yields the 1,2-",reaction_mechanism,figure,True
14,OpenStax,Figure 14.6,An energy diagram for two competing reactions in which the less s,other,figure,True
14,OpenStax,Figure 14.7,shows this situation in an energy diagram. 464 14 • Conjugated Compounds and Ultraviolet Spectroscopy,other,figure,True
14,OpenStax,Figure 14.8,Mechanism of the Diels-Alder cycloaddition reaction. The reaction occurs in a single step through a cyclic transition state in which the two new C-C bonds form simultaneously.,reaction_mechanism,figure,True
14,OpenStax,Figure 14.9,"Electrostatic potential maps of ethylene, propenal, and propenenitrile show that electron-withdrawing groups make the double-bond carbons less electron-rich.",molecular_property_model,figure,True
14,OpenStax,Figure 14.10,Two dienes that can’t achieve an s-cis conformation and thus can’t undergo Diels-Alder reactions.,molecular_geometry,figure,True
14,OpenStax,Figure 14.11,The ultraviolet (UV) and neighboring regions of the electromagnetic spectrum.,other,figure,True
14,OpenStax,Figure 14.12,"Ultraviolet excitation of 1,3-butadiene results in the promotion of an electron from ψ2, the highest occupied molecular orbital (HOMO), to ψ3*, the lowest unoccupied molecular orbital (LUMO). An ultraviolet spectrum is recorded by irradiati",atomic_orbital,figure,True
14,OpenStax,Figure 14.13,"The ultraviolet spectrum of 1,3-butadiene, λmax = 217 nm. The amount of UV light absorbed is expressed as the sample’s molar absorptivity (ε), defined by the equation",other,figure,True
14,OpenStax,Figure 14.14,"Ultraviolet spectrum of β-carotene, a conjugated molecule with 11 double bonds. The absorption occurs in the visible region.",molecular_structure,figure,True
14,OpenStax,Figure 14.15,"Manufacturing the ultrathin circuitry on this computer chip depends on the organic chemical reactions of special polymers. (credit: “Integrated circuit on microchip” by Jon Sullivan/Wikimedia Commons, Public Domain)",other,figure,True
14,OpenStax,Figure 14.16,Outline of the photolithography process for producing integrated circuit chips.,other,figure,True
14,OpenStax,Table 14.1,Heats of Hydrogenation for Some Alkenes and Dienes,data_table,table,True
14,OpenStax,Table 14.2,Ultraviolet Absorptions of Some Conjugated Molecules,data_table,table,True
14,ChemIllusion,blk-94f0d1f2,blk-94f0d1f2,callout,callout,False
14,ChemIllusion,blk-e0e20347,"Buta-1,3-diene, the parent conjugated diene",atomic_orbital,molecule,True
14,ChemIllusion,blk-17d5556e,"Penta-1,4-diene, an isolated diene",atomic_orbital,molecule,True
14,ChemIllusion,blk-cb3b1e82,"Propa-1,2-diene (allene), a cumulated diene",molecular_structure,molecule,True
14,ChemIllusion,blk-313fbdd6,"Isoprene (2-methylbuta-1,3-diene)",molecular_structure,molecule,True
14,ChemIllusion,blk-b1ba46aa,blk-b1ba46aa,callout,callout,False
14,ChemIllusion,blk-01ee8838,blk-01ee8838,callout,callout,False
14,ChemIllusion,blk-d444d784,"(3E)-Hexa-1,3,5-triene, an extended conjugated system",molecular_structure,molecule,True
14,ChemIllusion,blk-cfb27920,blk-cfb27920,callout,callout,False
14,ChemIllusion,blk-52d1042f,blk-52d1042f,callout,callout,False
14,ChemIllusion,blk-f10de488,"3-Bromobut-1-ene, the 1,2-addition product",molecular_structure,molecule,True
14,ChemIllusion,blk-5cc42ad4,"(E)-1-Bromobut-2-ene, the 1,4-addition product",data_table,molecule,True
14,ChemIllusion,blk-847b0009,"Protonation of buta-1,3-diene: formation of the allylic cation",atomic_orbital,reaction,True
14,ChemIllusion,blk-d7477a53,"1,2-Addition: bromide captures the allylic cation at C2",atomic_orbital,reaction,True
14,ChemIllusion,blk-a9b6ef11,"1,4-Addition: bromide captures the allylic cation at C4",data_table,reaction,True
14,ChemIllusion,blk-85999285,blk-85999285,callout,callout,False
14,ChemIllusion,blk-d42c84f6,blk-d42c84f6,callout,callout,False
14,ChemIllusion,blk-0d9df197,blk-0d9df197,callout,callout,False
14,ChemIllusion,blk-9f4792b4,blk-9f4792b4,callout,callout,False
14,ChemIllusion,blk-65a646ac,"Cyclohexene, the parent Diels–Alder adduct",molecular_structure,molecule,True
14,ChemIllusion,blk-769b3b10,"Maleic anhydride, a highly reactive dienophile",molecular_structure,molecule,True
14,ChemIllusion,blk-8c0ad232,"Diels-Alder cycloaddition: buta-1,3-diene plus ethylene give cyclohexene",atomic_orbital,reaction,True
14,ChemIllusion,blk-3990c9a4,blk-3990c9a4,callout,callout,False
14,ChemIllusion,blk-7a904edb,blk-7a904edb,callout,callout,False
14,ChemIllusion,blk-8c87e96f,"Cyclopenta-1,3-diene, a diene locked s-cis",data_table,molecule,True
14,ChemIllusion,blk-fba4f954,"Propenal (acrolein), an activated dienophile",molecular_structure,molecule,True
14,ChemIllusion,blk-2dc5af53,blk-2dc5af53,callout,callout,False
14,ChemIllusion,blk-b779043b,blk-b779043b,callout,callout,False
14,ChemIllusion,blk-cce8a507,"β-Carotene, an eleven-fold conjugated polyene",data_table,molecule,True
14,ChemIllusion,blk-806b9f62,blk-806b9f62,callout,callout,False
15,OpenStax,Figure 15.1,"A fennel plant is an aromatic herb used in cooking. A phenyl group-pronounced exactly the same way-is the characteristic structural unit of “aromatic” organic compounds. (credit: modification of work “Fennel” by Ruth Hartnup/Flickr, CC BY 2",biological_context,figure,True
15,OpenStax,Figure 15.2,Some aromatic hydrocarbons found in coal tar.,other,figure,True
15,OpenStax,Figure 15.3,"A comparison of the heats of hydrogenation for cyclohexene, 1,3-cyclohexadiene, and benzene. Benzene is 148 kJ/mol (35.4 kcal/mol) more s",other,figure,True
15,OpenStax,Figure 15.4,"(a) An electrostatic potential map of benzene and (b) an orbital picture. Each of the six carbon atoms has a p orbital that can overlap equally well with neighboring p orbitals on both sides. As a result, all C-C bonds are equivalent and be",atomic_orbital,figure,True
15,OpenStax,Figure 15.5,"The six benzene pi molecular orbitals. The bonding orbitals ψ2 and ψ3 have the same energy and are said to be degenerate, as are the antibonding orbitals ψ4* and ψ5*. The orbitals ψ3 and ψ4* have no pi electron density on two carbons becaus",atomic_orbital,figure,True
15,OpenStax,Figure 15.6,"Energy levels of the six benzene pi molecular orbitals. There is a single, lowest-energy orbital, above which the orbitals come in degenerate pairs.",atomic_orbital,figure,True
15,OpenStax,Figure 15.7,"The aromatic six-pi-electron cyclopentadienyl anion and the six-pi-electron cycloheptatrienyl cation. The anion can be formed by removing a hydrogen ion (H+) from the CH2 group of 1,3-cyclopentadiene. The cation can be generated by removing",other,figure,True
15,OpenStax,Figure 15.8,"(a) The aromatic cyclopentadienyl anion, showing cyclic conjugation and six pi electrons in five p orbitals, and (b) the aromatic cycloheptatrienyl cation, showing cyclic conjugation and six pi electrons in seven p orbitals. Electrostatic p",atomic_orbital,figure,True
15,OpenStax,Figure 15.9,Pyridine and pyrimidine are nitrogen-containing aromatic heterocycles with pi electron arrangements like that of benzene. Both have a lone pair of electrons on nitrogen in an sp2 orbital in the plane of the ring. Pyridine is much like benze,atomic_orbital,figure,True
15,OpenStax,Figure 15.10,"Pyrrole and imidazole are five-membered, nitrogen-containing heterocycles but have six-pi-electron arrangements like that of the cyclopentadienyl anion. Both have a lone pair of electrons on nitrogen in a p orbital perpendicular to the ring",atomic_orbital,figure,True
15,OpenStax,Figure 15.11,"An orbital picture and electrostatic potential map of naphthalene, showing that the ten pi electrons are fully delocalized",atomic_orbital,figure,True
15,OpenStax,Figure 15.12,shows these characteristic absorptions.,other,figure,True
15,OpenStax,Figure 15.13,shows the ultraviolet spectrum of benzene.,other,figure,True
15,OpenStax,Figure 15.14,The origin of aromatic ring-current. Aromatic protons are deshielded by the induced magnetic field caused by delocalized pi electrons circulating around the aromatic ring.,other,figure,True
15,OpenStax,Figure 15.15,"The 1H NMR spectrum of p-bromotoluene. The carbon atoms in an aromatic ring typically absorb in the range 110 to 140 δ in the 13C NMR spectrum, as",other,figure,True
15,OpenStax,Figure 15.16,Some 13C NMR absorptions of aromatic compounds (δ units). 508 15 • Chemistry Matters,other,figure,True
15,OpenStax,Figure 15.17,"Many athletes rely on NSAIDs to help with pain and soreness. (credit: “Dillon Gee delivers a pitch” by Arturo Pardavila III/ Wikimedia Commons, CC BY 2.0)",other,figure,True
15,OpenStax,Table 15.1,Common Names of Some Aromatic Compounds,data_table,table,True
15,ChemIllusion,blk-8439f73b,blk-8439f73b,callout,callout,False
15,ChemIllusion,blk-b31cbaf9,blk-b31cbaf9,image,image,True
15,ChemIllusion,blk-9f099f2b,"Toluene, a retained parent name",molecular_structure,molecule,True
15,ChemIllusion,blk-0b0693dc,"Phenol, a retained parent name",molecular_structure,molecule,True
15,ChemIllusion,blk-a0e6e77b,"Aniline, a retained parent name",molecular_structure,molecule,True
15,ChemIllusion,blk-e40481d0,"1-Bromo-4-methylbenzene, a para-disubstituted ring",data_table,molecule,True
15,ChemIllusion,blk-7244d8a2,blk-7244d8a2,callout,callout,False
15,ChemIllusion,blk-d4648efa,blk-d4648efa,callout,callout,False
15,ChemIllusion,blk-ac3be5ee,"Benzene, the parent aromatic ring",atomic_orbital,molecule,True
15,ChemIllusion,blk-701f4e76,"Cyclohexene, the one-double-bond reference",molecular_structure,molecule,True
15,ChemIllusion,blk-a04afc3e,"Cyclohexa-1,3-diene, the conjugated reference",molecular_structure,molecule,True
15,ChemIllusion,blk-91f6fd19,blk-91f6fd19,callout,callout,False
15,ChemIllusion,blk-603bd2ac,blk-603bd2ac,callout,callout,False
15,ChemIllusion,blk-79fc6b54,blk-79fc6b54,energy_diagram,image,True
15,ChemIllusion,blk-1eb35fe8,blk-1eb35fe8,callout,callout,False
15,ChemIllusion,blk-c87aa1d0,blk-c87aa1d0,callout,callout,False
15,ChemIllusion,blk-fe691a78,"Cyclobutadiene, an antiaromatic ring",atomic_orbital,molecule,True
15,ChemIllusion,blk-cb5a2d8c,"Cyclooctatetraene, a nonaromatic ring",molecular_structure,molecule,True
15,ChemIllusion,blk-98f6e1b9,blk-98f6e1b9,callout,callout,False
15,ChemIllusion,blk-29279dad,blk-29279dad,callout,callout,False
15,ChemIllusion,blk-f29febf0,"Cyclopenta-1,3-diene, the acidic hydrocarbon",atomic_orbital,molecule,True
15,ChemIllusion,blk-94700073,"Cyclopentadienyl anion, an aromatic ion",molecular_structure,molecule,True
15,ChemIllusion,blk-e42599ad,"Cyclohepta-1,3,5-triene",atomic_orbital,molecule,True
15,ChemIllusion,blk-e92afb6c,"Tropylium cation, an aromatic ion",molecular_structure,molecule,True
15,ChemIllusion,blk-8f57d0d6,"Cyclopropenyl cation, the smallest aromatic ion",atomic_orbital,molecule,True
15,ChemIllusion,blk-cef84628,blk-cef84628,callout,callout,False
15,ChemIllusion,blk-5461f1b2,blk-5461f1b2,callout,callout,False
15,ChemIllusion,blk-768bd38c,"Pyridine, a six-membered aromatic heterocycle",atomic_orbital,molecule,True
15,ChemIllusion,blk-34d6edea,"Pyrrole, a five-membered aromatic heterocycle",molecular_structure,molecule,True
15,ChemIllusion,blk-fdc37e16,"Imidazole, a ring with both kinds of nitrogen",data_table,molecule,True
15,ChemIllusion,blk-ac005464,blk-ac005464,callout,callout,False
15,ChemIllusion,blk-30c3739b,blk-30c3739b,callout,callout,False
15,ChemIllusion,blk-3189cf49,"Naphthalene, the simplest fused aromatic",atomic_orbital,molecule,True
15,ChemIllusion,blk-ecc129ea,"Anthracene, three linearly fused rings",molecular_structure,molecule,True
15,ChemIllusion,blk-31828765,"Phenanthrene, three angularly fused rings",data_table,molecule,True
15,ChemIllusion,blk-c58dc49d,"Adenine, a fused aromatic heterocycle",molecular_structure,molecule,True
15,ChemIllusion,blk-339756d7,blk-339756d7,callout,callout,False
15,ChemIllusion,blk-51a955b4,blk-51a955b4,callout,callout,False
15,ChemIllusion,blk-70bc0344,blk-70bc0344,callout,callout,False
16,OpenStax,Figure 16.1,"In the 19th and early-20th centuries, benzene was used as an aftershave lotion because of its pleasant smell and as a solvent to decaffeinate coffee beans. Neither is a good idea. (credit: modification of work “Ye Old Way (https://loc.getar",other,figure,True
16,OpenStax,Figure 16.2,shows an energy diagram comparing the reaction of an electrophile with an alkene and with benzene. The benzene reaction is slower (higher ∆G‡) because the starting material is more stable.,reaction_mechanism,figure,True
16,OpenStax,Figure 16.3,MECHANISM,reaction_mechanism,figure,True
16,OpenStax,Figure 16.4,"An energy diagram for the electrophilic bromination of benzene. Because the stability of the aromatic ring is retained, the overall process is exergonic.",other,figure,True
16,OpenStax,Figure 16.5,The mechanism for electrophilic nitration of an aromatic ring. An electrostatic potential map of the reactive electrophile shows that the nitrogen atom is most positive.,reaction_mechanism,figure,True
16,OpenStax,Figure 16.6,The mechanism for electrophilic sulfonation of an aromatic ring. An electrostatic potential map of the reactive electrophile shows that sulfur and hydrogen are the most positive atoms.,reaction_mechanism,figure,True
16,OpenStax,Figure 16.7,MECHANISM,reaction_mechanism,figure,True
16,OpenStax,Figure 16.8,MECHANISM,reaction_mechanism,figure,True
16,OpenStax,Figure 16.9,do not undergo Friedel-Crafts alkylation.,other,figure,True
16,OpenStax,Figure 16.10,"Mechanism of the Friedel-Crafts acylation reaction. The electrophile is a resonance-stabilized acyl cation, whose electrostatic potential map indicates that carbon is the most positive atom.",reaction_mechanism,figure,True
16,OpenStax,Figure 16.11,"Biosynthesis of phylloquinone (vitamin K1) from 1,4-dihydroxynaphthoic acid. The key step that joins the 20-carbon phytyl side chain to the aromatic ring is a Friedel-Crafts-like electrophilic substitution reaction with a diphosphate ion as",other,figure,True
16,OpenStax,Figure 16.12,"Classification of substituent effects in electrophilic aromatic substitution. All activating groups are ortho- and para- directing, and all deactivating groups other than halogen are meta-directing. Halogens are unique in being deactivating",other,figure,True
16,OpenStax,Figure 16.13,"Electrostatic potential maps of benzene and several substituted benzenes show that an electron-withdrawing group (-CHO or -Cl) makes the ring more electron-poor, while an electron-donating group (-OH) makes the ring more electron-rich.",molecular_property_model,figure,True
16,OpenStax,Figure 16.14,Carbocation intermediates in the nitration of toluene. Ortho and para intermediates are more s,other,figure,True
16,OpenStax,Figure 16.15,Carbocation intermediates in the nitration of phenol. The ortho and para intermediates are more s,other,figure,True
16,OpenStax,Figure 16.16,Carbocation intermediates in the nitration of chlorobenzene. The ortho and para intermediates are more s,other,figure,True
16,OpenStax,Figure 16.17,Carbocation intermediates in the nitration of benzaldehyde. The ortho and para intermediates are less s,other,figure,True
16,OpenStax,Figure 16.18,MECHANISM,reaction_mechanism,figure,True
16,OpenStax,Figure 16.19,"Nucleophilic aromatic substitution on nitrochlorobenzenes. Only in the ortho and para intermediates is the negative charge stabilized by a resonance interaction with the nitro group, so only the ortho and para isomers undergo reaction.",other,figure,True
16,OpenStax,Figure 16.20,"An orbital picture and electrostatic potential map of benzyne. The benzyne carbons are sp2-hybridized, and the “third” bond results from weak overlap of two adjacent sp2 orbitals. 548 16 • Chemistry of Benzene: Electrophilic Aromatic Substi",atomic_orbital,figure,True
16,OpenStax,Figure 16.21,shows how the benzyl radical is stabilized by overlap of its p orbital with the ringed pi electron system.,atomic_orbital,figure,True
16,OpenStax,Figure 16.22,Organic chemistry by robot means no spilled flasks!,other,figure,True
16,OpenStax,Figure 16.23,"The results of split combinatorial synthesis. Assuming that 4 different building blocks are used at each step, 64 compounds result after 3 steps, and more than one million compounds result after 10 steps.",other,figure,True
16,OpenStax,Table 16.1,lists experimental results for the nitration of some substituted benzenes.,data_table,table,True
16,OpenStax,Table 16.2,Substituent Effects in Electrophilic Aromatic Substitution,data_table,table,True
16,ChemIllusion,blk-0b1cecca,blk-0b1cecca,callout,callout,False
16,ChemIllusion,blk-f2bdd4d3,The arenium ion from bromination of benzene,atomic_orbital,molecule,True
16,ChemIllusion,blk-5d93e442,Energy profile of electrophilic aromatic substitution (bromination),energy_diagram,reaction_coordinate,True
16,ChemIllusion,blk-b36fbf51,"Bromobenzene, the substitution product",molecular_structure,molecule,True
16,ChemIllusion,blk-7098ba3e,EAS step 1: electrophile adds to give the arenium ion,reaction,reaction,True
16,ChemIllusion,blk-544fcd54,EAS step 2: loss of a proton restores aromaticity,reaction,reaction,True
16,ChemIllusion,blk-91e1bd62,blk-91e1bd62,callout,callout,False
16,ChemIllusion,blk-9881a0b6,blk-9881a0b6,callout,callout,False
16,ChemIllusion,blk-b165b12f,"The nitronium ion, NO₂⁺",data_table,molecule,True
16,ChemIllusion,blk-e79e3914,Nitrobenzene,molecular_structure,molecule,True
16,ChemIllusion,blk-b52241df,"Aniline, from reduction of nitrobenzene",molecular_structure,molecule,True
16,ChemIllusion,blk-62fb0af9,Benzenesulfonic acid,reaction_mechanism,molecule,True
16,ChemIllusion,blk-784b42c8,Nitration of benzene,reaction,reaction,True
16,ChemIllusion,blk-cc0b905a,Sulfonation of benzene,reaction_mechanism,reaction,True
16,ChemIllusion,blk-a3c298c0,Aromatic halogenation (bromination) of benzene,reaction,reaction,True
16,ChemIllusion,blk-61c7dbf4,blk-61c7dbf4,callout,callout,False
16,ChemIllusion,blk-5d88260c,blk-5d88260c,callout,callout,False
16,ChemIllusion,blk-b7bbf6d5,The acetyl (acylium) cation,data_table,molecule,True
16,ChemIllusion,blk-a3986725,"Acetophenone, a Friedel–Crafts acylation product",molecular_structure,molecule,True
16,ChemIllusion,blk-a1aa0d2f,"tert-Butylbenzene, a rearrangement product",data_table,molecule,True
16,ChemIllusion,blk-4b21f850,Friedel–Crafts alkylation,reaction,reaction,True
16,ChemIllusion,blk-0ba7e6f0,Friedel–Crafts acylation,reaction,reaction,True
16,ChemIllusion,blk-4eee0a0d,blk-4eee0a0d,callout,callout,False
16,ChemIllusion,blk-b6a7a164,blk-b6a7a164,callout,callout,False
16,ChemIllusion,blk-eaf9e9eb,"Anisole, a strongly activated ring",molecular_structure,molecule,True
16,ChemIllusion,blk-96a078b3,"Toluene, a weakly activated ring",molecular_structure,molecule,True
16,ChemIllusion,blk-ed0a1548,Chlorobenzene: deactivated yet ortho–para directed,molecular_structure,molecule,True
16,ChemIllusion,blk-e0e2d602,Benzoic acid,molecular_structure,molecule,True
16,ChemIllusion,blk-9e6ba7d8,blk-9e6ba7d8,callout,callout,False
16,ChemIllusion,blk-3711957c,blk-3711957c,callout,callout,False
16,ChemIllusion,blk-d60abe3c,"p-Nitrotoluene, a directed product",molecular_structure,molecule,True
16,ChemIllusion,blk-5ebd109f,The oxygen-stabilized arenium contributor (para attack on anisole),molecular_structure,molecule,True
16,ChemIllusion,blk-bc5e47ce,blk-bc5e47ce,callout,callout,False
16,ChemIllusion,blk-9de933cd,blk-9de933cd,callout,callout,False
16,ChemIllusion,blk-a4e0edf9,"m-Bromonitrobenzene, an order-of-steps product",data_table,molecule,True
16,ChemIllusion,blk-6ff527f0,blk-6ff527f0,callout,callout,False
16,ChemIllusion,blk-e980292e,blk-e980292e,callout,callout,False
16,ChemIllusion,blk-8830a58e,"1-Chloro-2,4-dinitrobenzene, an activated aryl halide",molecular_structure,molecule,True
16,ChemIllusion,blk-00144972,The Meisenheimer complex,molecular_structure,molecule,True
16,ChemIllusion,blk-24c3340d,Benzyne,atomic_orbital,molecule,True
16,ChemIllusion,blk-3015642c,SNAr step 1: nucleophile adds to give the Meisenheimer complex,reaction,reaction,True
16,ChemIllusion,blk-6cff8732,SNAr step 2: loss of the leaving group restores aromaticity,reaction,reaction,True
16,ChemIllusion,blk-fb959d84,Benzyne step 1: base-induced elimination to form benzyne,reaction,reaction,True
16,ChemIllusion,blk-c78603ab,Benzyne step 2: nucleophile adds across the triple bond,reaction,reaction,True
16,ChemIllusion,blk-4202f420,blk-4202f420,callout,callout,False
16,ChemIllusion,blk-3a014206,blk-3a014206,callout,callout,False
16,ChemIllusion,blk-89971cc4,"Benzyl bromide, from benzylic bromination",molecular_structure,molecule,True
16,ChemIllusion,blk-043875a1,blk-043875a1,callout,callout,False
17,OpenStax,Figure 17.1,"The phenol resveratrol, found in the skin of red grapes, continues to be studied for its potential anti-cancer, antiarthritic, and hypoglycemic properties. (credit: modification of work “Weinreben-Ötlingen” by Pierre Likissas/Wikimedia Comm",other,figure,True
17,OpenStax,Figure 17.2,Hydrogen-bonding in alcohols and phenols. Attraction between a positively polarized -OH hydrogen and a negatively polarized oxygen holds molecules together. The electrostatic potential map of methanol shows the positively polarized -OH hydr,molecular_property_model,figure,True
17,OpenStax,Figure 17.3,compares electrostatic potential maps of an alkoxide ion (CH3O-) with phenoxide ion to show how the negative charge in phenoxide ion is delocalized from oxygen to the ring.,molecular_property_model,figure,True
17,OpenStax,Figure 17.4,"The central position of alcohols in organic chemistry. Alcohols can be prepared from, and converted into, many other kinds of compounds.",other,figure,True
17,OpenStax,Figure 17.5,The biological reduction of a ketone (acetoacetyl ACP) to an alcohol (β-hydroxybutyryl ACP) by NADPH. Reduction of Carboxylic Acids and Esters,biological_context,figure,True
17,OpenStax,Figure 17.6,shows a series of reactions on the R enantiomer of 2-octanol that illustrates these stereochemical relationships.,other,figure,True
17,OpenStax,Figure 17.7,on the next page. Protonation of the alcohol oxygen is followed by unimolecular loss of water to generate a carbocation intermediate and final loss of a proton from the neighboring carbon atom to complete the process. As with most E1 reacti,molecular_structure,figure,True
17,OpenStax,Figure 17.8,MECHANISM,reaction_mechanism,figure,True
17,OpenStax,Figure 17.9,The biological oxidation of an alcohol (sn-glycerol 3-phosphate) to give a ketone (dihydroxyacetone phosphate). This mechanism is the exact opposite of the ketone reduction shown previously in,reaction_mechanism,figure,True
17,OpenStax,Figure 17.10,Use of a trialkylsilyl-protected alcohol during a Grignard reaction.,other,figure,True
17,OpenStax,Figure 17.11,MECHANISM,reaction_mechanism,figure,True
17,OpenStax,Figure 17.12,"IR spectrum of cyclohexanol. Characteristic O-H and C-O stretching absorptions are indicated. Phenols also show a characteristic broad IR absorption at 3500 cm-1 due to the -OH group, as well as the usual 1500 and 1600 cm-1 aromatic bands (",other,figure,True
17,OpenStax,Figure 17.13,IR spectrum of phenol.,other,figure,True
17,OpenStax,Figure 17.14,"1H NMR spectrum of 1-propanol. The protons on the oxygen-bearing carbon are split into a triplet at 3.58 δ. Phenols, like all aromatic compounds, show 1H NMR absorptions near 7 to 8 δ, the expected position for aromatic-ring protons (Sectio",other,figure,True
17,OpenStax,Figure 17.15,"Mass spectrum of 1-butanol (M+ = 74). Dehydration gives a peak at m/z = 56, and fragmentation by alpha cleavage gives a peak at m/z = 31.",other,figure,True
17,OpenStax,Figure 17.16,"The Harger Drunkometer was the first breath analyzer, introduced in 1938 to help convict drunk drivers. (credit: “Unidentified police officer with a Harger “Drunkometer” breathalyzer” by Florida Memory, State Library and Archives of Florida",other,figure,True
17,OpenStax,Table 17.1,Acidity Constants of Some Alcohols and Phenols,data_table,table,True
17,ChemIllusion,blk-0c4e3495,blk-0c4e3495,callout,callout,False
17,ChemIllusion,blk-1ab6574b,"Ethanol, a primary alcohol",molecular_structure,molecule,True
17,ChemIllusion,blk-ce7bddb9,Phenol,molecular_structure,molecule,True
17,ChemIllusion,blk-b2150785,blk-b2150785,callout,callout,False
17,ChemIllusion,blk-d2b0c837,blk-d2b0c837,callout,callout,False
17,ChemIllusion,blk-2bae9ab2,blk-2bae9ab2,callout,callout,False
17,ChemIllusion,blk-b8be24f5,blk-b8be24f5,callout,callout,False
17,ChemIllusion,blk-3a3fe5e5,blk-3a3fe5e5,callout,callout,False
17,ChemIllusion,blk-b8be24f5-1,blk-b8be24f5-1,callout,callout,False
17,ChemIllusion,blk-072fa5c5,para-Nitrophenol,molecular_structure,molecule,True
17,ChemIllusion,blk-e85645aa,blk-e85645aa,callout,callout,False
17,ChemIllusion,blk-b89cf545,blk-b89cf545,callout,callout,False
17,ChemIllusion,blk-9b526c81,"Cyclohexanol, a secondary alcohol",molecular_structure,molecule,True
17,ChemIllusion,blk-30b67072,Alcohol synthesis by hydride reduction of a ketone,reaction,reaction,True
17,ChemIllusion,blk-475aaed9,blk-475aaed9,callout,callout,False
17,ChemIllusion,blk-e7e33fba,blk-e7e33fba,callout,callout,False
17,ChemIllusion,blk-82de03ef,"2-Methyl-2-butanol, a tertiary alcohol",molecular_structure,molecule,True
17,ChemIllusion,blk-be0d9a32,Alcohol synthesis by Grignard addition to a carbonyl,reaction,reaction,True
17,ChemIllusion,blk-b346cad0,blk-b346cad0,callout,callout,False
17,ChemIllusion,blk-1c133685,blk-1c133685,callout,callout,False
17,ChemIllusion,blk-80b2ec5c,Alcohol to alkyl chloride with SOCl2,reaction,reaction,True
17,ChemIllusion,blk-c0d44cc5,blk-c0d44cc5,callout,callout,False
17,ChemIllusion,blk-3963cc78,blk-3963cc78,callout,callout,False
17,ChemIllusion,blk-9fad446f,PCC oxidation of a primary alcohol to an aldehyde,reaction,reaction,True
17,ChemIllusion,blk-56e0acd2,Chromic-acid oxidation of a secondary alcohol to a ketone,reaction,reaction,True
17,ChemIllusion,blk-b67ee9f8,blk-b67ee9f8,callout,callout,False
17,ChemIllusion,blk-e542c76c,blk-e542c76c,callout,callout,False
17,ChemIllusion,blk-71de08a9,para-Benzoquinone,molecular_structure,molecule,True
17,ChemIllusion,blk-f4124a31,Phenol bromination (activated ring EAS),reaction,reaction,True
17,ChemIllusion,blk-b3e0d78b,blk-b3e0d78b,callout,callout,False
17,ChemIllusion,blk-acae877a,blk-acae877a,callout,callout,False
17,ChemIllusion,blk-fddbe6eb,A tert-butyldimethylsilyl (TBS) ether,molecular_structure,molecule,True
17,ChemIllusion,blk-facc6d62,blk-facc6d62,callout,callout,False
18,OpenStax,Figure 18.1,The appalling and unforget,other,figure,True
18,OpenStax,Figure 18.2,"Ring-opening of 1,2-epoxy-1-methylcyclohexane with HBr. There is a high degree of SN1-like carbocation character in the transition state, which leads to backside attack of the nucleophile at the tertiary center and to formation of a product",other,figure,True
18,OpenStax,Figure 18.3,shows the IR spectrum of diethyl ether and identifies the C-O stretch. Phenyl alkyl ethers show two strong absorbances for C-O stretching at 1050 and 1250 cm-1.,other,figure,True
18,OpenStax,Figure 18.4,shows the IR spectrum of anisole.,other,figure,True
18,OpenStax,Figure 18.5,The 1H NMR spectrum of dipropyl ether. Protons on carbon next to oxygen are shifted downfield to 3.4 δ.,other,figure,True
18,OpenStax,Figure 18.6,"The 1H NMR spectrum of 1,2-epoxypropane. Ether carbon atoms also exhibit a downfield shift in the 13C NMR spectrum, where they usually absorb in the 50 to 80 δ range. For example, the carbon atoms next to oxygen in methyl propyl ether absor",other,figure,True
18,OpenStax,Figure 18.7,"Kayaks are often made of a high-strength polymer coated with epoxy resin. (credit: “Potomac River Festival Virginia 2017 Great Falls Kayak Race” by Watts/Flickr, CC BY 2.0) 634 18 • Key Terms",other,figure,True
18,OpenStax,Figure 18.8,"shows the structure of acetaldehyde and indicates its bond lengths and angles. As you might expect, the carbon-oxygen double bond is both shorter (122 pm versus 143 pm) and stronger [732 kJ/mol (175 kcal/mol) versus 385 kJ/mol (92 kcal/mol)",molecular_structure,figure,True
18,OpenStax,Figure 18.9,"The addition reaction of an aldehyde or a ketone with a nucleophile. Depending on the nucleophile, either an alcohol or a compound with a double bond is formed.",reaction_mechanism,figure,True
18,OpenStax,Figure 18.10,MECHANISM,reaction_mechanism,figure,True
18,OpenStax,Figure 18.11,MECHANISM,reaction_mechanism,figure,True
18,OpenStax,Figure 18.12,MECHANISM,reaction_mechanism,figure,True
18,OpenStax,Table 18.1,compares the boiling points of some common ethers and their corresponding hydrocarbons.,data_table,table,True
18,OpenStax,Table 18.2,"shows some of the many different kinds of carbonyl compounds. All contain an acyl group ( ) bonded to another substituent. The R part of the acyl group can be practically any organic part/ structure, and the other substituent to which the a",data_table,table,True
18,ChemIllusion,blk-75581dc0,blk-75581dc0,callout,callout,False
18,ChemIllusion,blk-300eb2d6,Diethyl ether,molecular_geometry,molecule,True
18,ChemIllusion,blk-98c3a044,Tetrahydrofuran (THF),molecular_structure,molecule,True
18,ChemIllusion,blk-31475170,"1,4-Dioxane",molecular_structure,molecule,True
18,ChemIllusion,blk-b96a1959,Anisole (methoxybenzene),molecular_structure,molecule,True
18,ChemIllusion,blk-636f39f4,blk-636f39f4,callout,callout,False
18,ChemIllusion,blk-5f861c90,blk-5f861c90,callout,callout,False
18,ChemIllusion,blk-7a6e2eb4,tert-Butyl methyl ether,molecular_structure,molecule,True
18,ChemIllusion,blk-77dd3f18,Williamson ether synthesis: SN2 of alkoxide on a primary alkyl halide,reaction,reaction,True
18,ChemIllusion,blk-ce11c324,blk-ce11c324,callout,callout,False
18,ChemIllusion,blk-e2e068d3,blk-e2e068d3,callout,callout,False
18,ChemIllusion,blk-9da7c2c9,Butyl methyl ether,molecular_structure,molecule,True
18,ChemIllusion,blk-0bbd497c,Acid cleavage of a dialkyl ether with HBr,reaction,reaction,True
18,ChemIllusion,blk-b3b240f2,blk-b3b240f2,callout,callout,False
18,ChemIllusion,blk-d9cf4601,blk-d9cf4601,callout,callout,False
18,ChemIllusion,blk-43956314,18-Crown-6,molecular_structure,molecule,True
18,ChemIllusion,blk-c903f75c,blk-c903f75c,callout,callout,False
18,ChemIllusion,blk-3adc8d88,blk-3adc8d88,callout,callout,False
18,ChemIllusion,blk-bf3bc1d3,Ethylene oxide (oxirane),molecular_structure,molecule,True
18,ChemIllusion,blk-43429af2,meta-Chloroperoxybenzoic acid (mCPBA),molecular_structure,molecule,True
18,ChemIllusion,blk-9621ecd3,cis-2-Butene,data_table,molecule,True
18,ChemIllusion,blk-82184cda,"cis-2,3-Dimethyloxirane",molecular_geometry,molecule,True
18,ChemIllusion,blk-8b21be78,trans-2-Bromocyclohexan-1-ol (a bromohydrin),data_table,molecule,True
18,ChemIllusion,blk-c0d10dfe,Halohydrin cyclization to an epoxide (base-promoted intramolecular SN2),reaction,reaction,True
18,ChemIllusion,blk-99d837cd,blk-99d837cd,callout,callout,False
18,ChemIllusion,blk-c1e4c8fc,blk-c1e4c8fc,callout,callout,False
18,ChemIllusion,blk-f5e9d452,"1,2-Epoxycyclohexane (cyclohexene oxide)",molecular_structure,molecule,True
18,ChemIllusion,blk-09d39d94,"trans-1,2-Cyclohexanediol",molecular_structure,molecule,True
18,ChemIllusion,blk-2c370622,"2,2-Dimethyloxirane",molecular_structure,molecule,True
18,ChemIllusion,blk-c72ea9af,2-Methoxy-2-methyl-1-propanol (acid-catalyzed product),molecular_structure,molecule,True
18,ChemIllusion,blk-0c7c0840,1-Methoxy-2-methyl-2-propanol (base-promoted product),molecular_structure,molecule,True
18,ChemIllusion,blk-5abdbd3d,Acid-promoted epoxide opening by a nucleophile at the more-substituted carbon,reaction,reaction,True
18,ChemIllusion,blk-f3ab95c5,blk-f3ab95c5,callout,callout,False
18,ChemIllusion,blk-4f594d69,blk-4f594d69,callout,callout,False
18,ChemIllusion,blk-9746d11a,Energy profile of base-promoted epoxide opening,energy_diagram,reaction_coordinate,True
18,ChemIllusion,blk-8bdc5b4f,Base-promoted epoxide opening: SN2 at the less-substituted carbon,reaction,reaction,True
18,ChemIllusion,blk-2a87e0a3,blk-2a87e0a3,callout,callout,False
18,ChemIllusion,blk-701c30c9,blk-701c30c9,callout,callout,False
18,ChemIllusion,blk-ab35db4e,Ethanethiol,molecular_structure,molecule,True
18,ChemIllusion,blk-ab61e573,Dimethyl disulfide,molecular_structure,molecule,True
18,ChemIllusion,blk-eb1b89d3,blk-eb1b89d3,callout,callout,False
18,ChemIllusion,blk-c06146f6,blk-c06146f6,callout,callout,False
18,ChemIllusion,blk-a0492a6f,Dimethyl sulfide,molecular_structure,molecule,True
18,ChemIllusion,blk-f10178ed,Dimethyl sulfoxide (DMSO),molecular_structure,molecule,True
18,ChemIllusion,blk-e4f1f815,Dimethyl sulfone,molecular_structure,molecule,True
18,ChemIllusion,blk-bb9d88b8,Trimethylsulfonium ion,molecular_structure,molecule,True
18,ChemIllusion,blk-e1c41823,Thiolate alkylation: SN2 formation of a dialkyl sulfide,reaction,reaction,True
18,ChemIllusion,blk-0ebc5a4d,Sulfide oxidation to sulfoxide (net O-transfer),reaction,reaction,True
18,ChemIllusion,blk-823a6fb0,Sulfoxide oxidation to sulfone (net O-transfer),reaction,reaction,True
18,ChemIllusion,blk-fbc03ee5,blk-fbc03ee5,callout,callout,False
19,OpenStax,Figure 19.1,"Few flowers are more beautiful or more fragrant than roses. Their perfumed odor is due to several simple organic compounds, including the ketone β-damascenone. (credit: modification of work “Rosa ‘Precious Platinum’” by Bernard Spragg/Wikim",other,figure,True
19,OpenStax,Figure 19.2,MECHANISM,reaction_mechanism,figure,True
19,OpenStax,Figure 19.3,Two general reaction pathways following addition of a nucleophile to an aldehyde or ketone. The top pathway leads to an alcohol product; the bottom pathway leads to a product with a double bond.,other,figure,True
19,OpenStax,Figure 19.4,"Steric hindrance in nucleophilic addition reactions. (a) Nucleophilic addition to an aldehyde is sterically less hindered because only one relatively large substituent is attached to the carbonyl-group carbon. (b) A ketone, however, has two",atomic_orbital,figure,True
19,OpenStax,Figure 19.5,MECHANISM,reaction_mechanism,figure,True
19,OpenStax,Figure 19.6,MECHANISM,reaction_mechanism,figure,True
19,OpenStax,Figure 19.7,MECHANISM,reaction_mechanism,figure,True
19,OpenStax,Figure 19.8,MECHANISM,reaction_mechanism,figure,True
19,OpenStax,Figure 19.9,"for the reaction between acetone and hydroxylamine, NH2OH, indicates that the maximum reaction rate occurs at pH 4.5. We can explain the observed pH dependence of imine formation by looking at the individual steps in the mechanism. As indic",reaction_mechanism,figure,True
19,OpenStax,Figure 19.10,MECHANISM,reaction_mechanism,figure,True
19,OpenStax,Figure 19.11,MECHANISM,reaction_mechanism,figure,True
19,OpenStax,Figure 19.12,"Carboxylic acid derivatives have an electronegative substituent Y = -Br, -Cl, -OR, -NR2 that can be expelled as a leaving group from the tetrahedral intermediate formed by nucleophilic addition. Aldehydes and ketones have no such leaving gr",molecular_structure,figure,True
19,OpenStax,Figure 19.13,Mechanism of biological aldehyde and ketone reductions by the coenzyme NADH. The key step is an expulsion of hydride ion from NADH and donation to the carbonyl group.,reaction_mechanism,figure,True
19,OpenStax,Figure 19.14,"A comparison of direct (1,2) and conjugate (1,4) nucleophilic addition reactions. In conjugate addition, a nucleophile adds to the β carbon of an α,β-unsaturated aldehyde or ketone and protonation occurs on the α carbon.",other,figure,True
19,OpenStax,Figure 19.15,Infrared spectra of (a) benzaldehyde and (b) cyclohexanone.,other,figure,True
19,OpenStax,Figure 19.16,1H NMR spectrum of acetaldehyde. The absorption of the aldehyde proton appears at 9.79 δ and is split into a quartet.,other,figure,True
19,OpenStax,Figure 19.17,Mass spectrum and the related reactions of 5-methyl-2-hexanone. The peak at m/z = 58 is due to McLafferty rearrangement. The abundant peak at m/z = 43 is due to α cleavage at the more highly substituted side of the carbonyl group. Note that,other,figure,True
19,OpenStax,Figure 19.18,"A substance made from the tartaric acid found at the bottom of this wine vat catalyzes enantioselective reactions. (credit: “Pinot Noir fermentation in open vat” by Pipers Brook Vineyard Media/Flickr, CC BY 2.0)",other,figure,True
19,OpenStax,Table 19.1,Common Names of Some Simple Aldehydes,data_table,table,True
19,OpenStax,Table 19.2,"indicate, saturated aldehydes usually show carbonyl absorptions near 1730 cm-1 in the IR spectrum, but conjugation of the aldehyde to an aromatic ring or a double bond lowers the absorption by 25 cm-1 to near 1705 cm-1. Saturated aliphatic ",data_table,table,True
19,ChemIllusion,blk-3ebbf86e,blk-3ebbf86e,callout,callout,False
19,ChemIllusion,blk-381e6915,"Acetaldehyde, the simplest common aldehyde",molecular_structure,molecule,True
19,ChemIllusion,blk-9aae3b87,"Acetone, the simplest ketone",molecular_structure,molecule,True
19,ChemIllusion,blk-65033df1,"Benzaldehyde, a conjugated aromatic aldehyde",molecular_structure,molecule,True
19,ChemIllusion,blk-bb85736b,blk-bb85736b,callout,callout,False
19,ChemIllusion,blk-51749fb0,blk-51749fb0,callout,callout,False
19,ChemIllusion,blk-3b0670b2,"Cyclohexanone, a cyclic ketone",molecular_structure,molecule,True
19,ChemIllusion,blk-21761e3c,blk-21761e3c,callout,callout,False
19,ChemIllusion,blk-c2c7aad2,blk-c2c7aad2,callout,callout,False
19,ChemIllusion,blk-c017a3d5,"Benzoic acid, the oxidation product of benzaldehyde",molecular_structure,molecule,True
19,ChemIllusion,blk-146e4fe7,blk-146e4fe7,callout,callout,False
19,ChemIllusion,blk-7971a7a4,blk-7971a7a4,callout,callout,False
19,ChemIllusion,blk-2d21c5a9,Nucleophilic addition to a carbonyl — step 1: nucleophile attack,atomic_orbital,reaction,True
19,ChemIllusion,blk-19cfb3d8,Nucleophilic addition to a carbonyl — step 2: protonation,reaction,reaction,True
19,ChemIllusion,blk-efcab3e5,blk-efcab3e5,callout,callout,False
19,ChemIllusion,blk-dbc92cc8,blk-dbc92cc8,callout,callout,False
19,ChemIllusion,blk-35241982,"Chloral hydrate, a stable gem-diol",data_table,molecule,True
19,ChemIllusion,blk-f3df158c,Acetone cyanohydrin,molecular_structure,molecule,True
19,ChemIllusion,blk-64d3598c,Carbonyl hydration — step 1: protonation of the carbonyl oxygen,reaction,reaction,True
19,ChemIllusion,blk-33492dba,Carbonyl hydration — step 2: water attacks,reaction,reaction,True
19,ChemIllusion,blk-592acd14,Carbonyl hydration — step 3: deprotonation to the gem-diol,reaction,reaction,True
19,ChemIllusion,blk-96504976,Cyanohydrin formation — step 1: cyanide adds to acetone,reaction,reaction,True
19,ChemIllusion,blk-8ed61377,Cyanohydrin formation — step 2: protonation,reaction,reaction,True
19,ChemIllusion,blk-0e07167a,blk-0e07167a,callout,callout,False
19,ChemIllusion,blk-8a31631f,blk-8a31631f,callout,callout,False
19,ChemIllusion,blk-59938d25,1-Phenylethanol from benzaldehyde plus CH₃MgBr,molecular_structure,molecule,True
19,ChemIllusion,blk-da117d89,NaBH4 reduction of an aldehyde — step 1: hydride addition,reaction,reaction,True
19,ChemIllusion,blk-a8233446,NaBH4 reduction of an aldehyde — step 2: workup protonation,reaction,reaction,True
19,ChemIllusion,blk-d1f2bd96,LiAlH4 reduction of a ketone — step 1: hydride addition,reaction,reaction,True
19,ChemIllusion,blk-7791d88e,LiAlH4 reduction of a ketone — step 2: workup protonation,reaction,reaction,True
19,ChemIllusion,blk-87b1db6c,Grignard addition to an aldehyde — step 1: carbanion addition,reaction,reaction,True
19,ChemIllusion,blk-152c2cc0,Grignard addition to an aldehyde — step 2: aqueous workup,reaction,reaction,True
19,ChemIllusion,blk-c8c451f6,blk-c8c451f6,callout,callout,False
19,ChemIllusion,blk-45d76389,blk-45d76389,callout,callout,False
19,ChemIllusion,blk-920fb2ea,The N-methylimine of cyclohexanone,molecular_structure,molecule,True
19,ChemIllusion,blk-49b28502,The pyrrolidine enamine of cyclohexanone,molecular_structure,molecule,True
19,ChemIllusion,blk-421bd755,Imine (Schiff base) formation (net): aldehyde + primary amine,reaction,reaction,True
19,ChemIllusion,blk-2260cac6,Enamine formation (net): ketone + secondary amine,reaction,reaction,True
19,ChemIllusion,blk-6e6a4c25,blk-6e6a4c25,callout,callout,False
19,ChemIllusion,blk-36fbeb9b,blk-36fbeb9b,callout,callout,False
19,ChemIllusion,blk-bfaf73db,The cyclic acetal of cyclohexanone and ethylene glycol,molecular_structure,molecule,True
19,ChemIllusion,blk-02141297,Hemiacetal formation — step 1: acid activation,reaction,reaction,True
19,ChemIllusion,blk-e1972ac0,Hemiacetal formation — step 2: methanol adds,reaction,reaction,True
19,ChemIllusion,blk-7b1ba87b,Acetal formation — stage 2: hemiacetal plus methanol gives the acetal,reaction,reaction,True
19,ChemIllusion,blk-f666f457,blk-f666f457,callout,callout,False
19,ChemIllusion,blk-20996565,blk-20996565,callout,callout,False
19,ChemIllusion,blk-bcd96020,"Methylenecyclohexane, a Wittig product",reaction_mechanism,molecule,True
19,ChemIllusion,blk-3cbca13b,Wittig olefination: ylide converts a ketone to an alkene,reaction,reaction,True
19,ChemIllusion,blk-1a3e4db7,blk-1a3e4db7,callout,callout,False
19,ChemIllusion,blk-c7b50b18,blk-c7b50b18,callout,callout,False
19,ChemIllusion,blk-6be851f7,"Methyl vinyl ketone, an alpha,beta-unsaturated ketone",molecular_structure,molecule,True
19,ChemIllusion,blk-0ef0e3e6,"1,4-Conjugate (Michael) addition to an enone",reaction,reaction,True
19,ChemIllusion,blk-348200f0,blk-348200f0,callout,callout,False
19,ChemIllusion,blk-af19f284,blk-af19f284,callout,callout,False
19,ChemIllusion,blk-e2250d68,blk-e2250d68,callout,callout,False
20,OpenStax,Figure 20.1,"The burning sensation produced by touching or eating chili peppers is due to capsaicin, a carboxylic acid derivative called an amide. (credit: modification of “Chillis” by Lucas Cobb/Flickr, CC BY 2.0)",other,figure,True
20,OpenStax,Figure 20.2,"An alkoxide ion has its charge localized on one oxygen atom and is less stable, while a carboxylate ion has the charge spread equally over both oxygens and is therefore more stable.",other,figure,True
20,OpenStax,Figure 20.3,shows some of the general reactions of carboxylic acids.,other,figure,True
20,OpenStax,Figure 20.4,Some reactions of nitriles.,other,figure,True
20,OpenStax,Figure 20.5,MECHANISM,reaction_mechanism,figure,True
20,OpenStax,Figure 20.6,"IR spectrum of butanoic acid, CH3CH2CH2CO2H. Nitriles show an intense and easily recognizable bond absorption near 2250 cm-1 for saturated compounds and 2230 cm-1 for aromatic and conjugated molecules. Few other functional groups absorb in ",molecular_structure,figure,True
20,OpenStax,Figure 20.7,shows the 1H NMR spectrum of phenylacetic acid. Note that the -CO2H absorption occurs at 12.0 δ.,other,figure,True
20,OpenStax,Figure 20.8,"In addition to the hazards of weather, participants in early polar expeditions often suffered from scurvy, caused by a dietary vitamin C deficiency. (credit: “Shackleton’s expedition to the Antarctic last moments of the Endurance” by Underw",other,figure,True
20,OpenStax,Figure 20.9,The industrial synthesis of ascorbic acid from glucose.,other,figure,True
20,OpenStax,Table 20.1,are the names of acyl groups derived from the parent acids. Except for the eight entries at the top of,data_table,table,True
20,OpenStax,Table 20.2,Physical Parameters for Acetic Acid,data_table,table,True
20,OpenStax,Table 20.3,Acidity of Some Carboxylic Acids,data_table,table,True
20,OpenStax,Table 20.4,Substituent Effects on the Acidity of p-Substituted Benzoic Acids,data_table,table,True
20,ChemIllusion,blk-109c08d8,blk-109c08d8,callout,callout,False
20,ChemIllusion,blk-69c9ab7e,"Acetic acid, the parent carboxylic acid",data_table,molecule,True
20,ChemIllusion,blk-3efb800a,"Benzoic acid, a carboxyl group on an aromatic ring",molecular_structure,molecule,True
20,ChemIllusion,blk-e15bee98,"Hexanedioic acid, a dicarboxylic acid",molecular_structure,molecule,True
20,ChemIllusion,blk-800b5681,blk-800b5681,callout,callout,False
20,ChemIllusion,blk-ac8c2bff,blk-ac8c2bff,callout,callout,False
20,ChemIllusion,blk-583f71cf,Butanoic acid,molecular_structure,molecule,True
20,ChemIllusion,blk-8ab632a8,"Butan-1-ol, the alcohol for comparison",molecular_structure,molecule,True
20,ChemIllusion,blk-731d846e,blk-731d846e,callout,callout,False
20,ChemIllusion,blk-b2c0ae95,blk-b2c0ae95,callout,callout,False
20,ChemIllusion,blk-dcad7c6b,"Acetate ion, the conjugate base of acetic acid",molecular_structure,molecule,True
20,ChemIllusion,blk-840eaa4e,blk-840eaa4e,callout,callout,False
20,ChemIllusion,blk-b2c0ae95-1,blk-b2c0ae95-1,callout,callout,False
20,ChemIllusion,blk-b8f7b84b,"Sodium acetate, a carboxylate salt",molecular_structure,molecule,True
20,ChemIllusion,blk-f5ed981e,blk-f5ed981e,callout,callout,False
20,ChemIllusion,blk-e18b24d8,blk-e18b24d8,callout,callout,False
20,ChemIllusion,blk-5f01b777,Chloroacetic acid,molecular_structure,molecule,True
20,ChemIllusion,blk-4d07b2f1,Trifluoroacetic acid,molecular_structure,molecule,True
20,ChemIllusion,blk-f510886f,4-Nitrobenzoic acid,molecular_structure,molecule,True
20,ChemIllusion,blk-d9129fa1,4-Methoxybenzoic acid,molecular_structure,molecule,True
20,ChemIllusion,blk-c14ea715,blk-c14ea715,callout,callout,False
20,ChemIllusion,blk-578fb260,blk-578fb260,callout,callout,False
20,ChemIllusion,blk-56caef49,"Toluene, the substrate for side-chain oxidation",molecular_structure,molecule,True
20,ChemIllusion,blk-938e5cb4,"Pentanoic acid, the five-carbon product of a four-carbon halide",molecular_structure,molecule,True
20,ChemIllusion,blk-808d97eb,blk-808d97eb,teaching_asset,teaching_asset,False
20,ChemIllusion,blk-d0d9da0f,blk-d0d9da0f,callout,callout,False
20,ChemIllusion,blk-3a03f3e6,blk-3a03f3e6,callout,callout,False
20,ChemIllusion,blk-df755564,Carboxylic-acid reduction to a primary alcohol,reaction,reaction,True
20,ChemIllusion,blk-e0e5b334,blk-e0e5b334,callout,callout,False
20,ChemIllusion,blk-07c1ae41,blk-07c1ae41,callout,callout,False
20,ChemIllusion,blk-02951e98,"Acetonitrile, the simplest common nitrile",molecular_structure,molecule,True
20,ChemIllusion,blk-b08b7791,Benzonitrile,molecular_structure,molecule,True
20,ChemIllusion,blk-3df69850,Pentanenitrile,molecular_structure,molecule,True
20,ChemIllusion,blk-bb121079,Nitrile synthesis by SN2 (carbon homologation),reaction,reaction,True
20,ChemIllusion,blk-b32992e1,blk-b32992e1,callout,callout,False
20,ChemIllusion,blk-34531504,blk-34531504,callout,callout,False
20,ChemIllusion,blk-4f6d8c9a,"Butan-1-amine, the reduction product of butanenitrile",molecular_structure,molecule,True
20,ChemIllusion,blk-4c288b90,"Acetophenone, from benzonitrile and a Grignard reagent",molecular_structure,molecule,True
20,ChemIllusion,blk-ef310cb4,Nitrile hydrolysis to a carboxylic acid,reaction,reaction,True
20,ChemIllusion,blk-6f6a798f,Nitrile reduction to a primary amine,reaction,reaction,True
20,ChemIllusion,blk-64e2a954,blk-64e2a954,callout,callout,False
20,ChemIllusion,blk-894d5cb9,blk-894d5cb9,callout,callout,False
20,ChemIllusion,blk-432e952a,"Propanoic acid, a spectroscopic reference",molecular_structure,molecule,True
20,ChemIllusion,blk-8c7b4b55,blk-8c7b4b55,callout,callout,False
21,OpenStax,Figure 21.1,"The lives of rock climbers depend on their ropes, typically made of a nylon polymer prepared by a nucleophilic acyl substitution reaction. (credit: modification of work “110823-A-NR754-001” by USASOC News Service/Flickr, CC BY 2.0)",other,figure,True
21,OpenStax,Figure 21.2,"The general mechanisms of nucleophilic addition and nucleophilic acyl substitution reactions. Both reactions begin with addition of a nucleophile to a polar bond to give a tetrahedral, alkoxide ion intermediate. (a) The intermediate formed ",reaction_mechanism,figure,True
21,OpenStax,Figure 21.3,"Interconversions of carboxylic acid derivatives. A more reactive acid derivative can be converted into a less reactive one, but not vice versa.",other,figure,True
21,OpenStax,Figure 21.4,Some general reactions of carboxylic acid derivatives.,other,figure,True
21,OpenStax,Figure 21.5,MECHANISM,reaction_mechanism,figure,True
21,OpenStax,Figure 21.6,MECHANISM,reaction_mechanism,figure,True
21,OpenStax,Figure 21.7,MECHANISM,reaction_mechanism,figure,True
21,OpenStax,Figure 21.8,MECHANISM,reaction_mechanism,figure,True
21,OpenStax,Figure 21.9,is the reverse of,other,figure,True
21,OpenStax,Figure 21.10,Formation of the thioester acetyl CoA by nucleophilic acyl substitution reaction of coenzyme A (CoA) with acetyl adenylate.,reaction_mechanism,figure,True
21,OpenStax,Figure 21.11,shows the 1H NMR spectrum of ethyl acetate.,other,figure,True
21,OpenStax,Table 21.1,Nomenclature of Carboxylic Acid Derivatives,data_table,table,True
21,OpenStax,Table 21.2,Some Common Step-Growth Polymers and Their Uses,data_table,table,True
21,OpenStax,Table 21.3,"the exact position of the absorption provides information about the specific kind of carbonyl group. For comparison, the IR absorptions of aldehydes, ketones, and carboxylic acids are included in the table, along with values for carboxylic ",data_table,table,True
21,OpenStax,Table 21.4,13C NMR Absorptions of Some Carbonyl Compounds,data_table,table,True
21,ChemIllusion,blk-a83bd2b5,blk-a83bd2b5,callout,callout,False
21,ChemIllusion,blk-7dc3fbdb,"Acetyl chloride, the most reactive derivative",data_table,molecule,True
21,ChemIllusion,blk-71ceb6d9,Methyl propanoate: naming an ester from both of its parts,molecular_structure,molecule,True
21,ChemIllusion,blk-162dc02e,"N-Methylacetamide, a secondary amide",molecular_structure,molecule,True
21,ChemIllusion,blk-4762d332,"γ-Butyrolactone, a cyclic ester",molecular_structure,molecule,True
21,ChemIllusion,blk-171f25b0,blk-171f25b0,callout,callout,False
21,ChemIllusion,blk-547b744a,blk-547b744a,callout,callout,False
21,ChemIllusion,blk-6b8b2f88,The tetrahedral intermediate from methoxide and acetyl chloride,molecular_structure,molecule,True
21,ChemIllusion,blk-4ebe1747,"Methyl acetate, the reference ester",molecular_structure,molecule,True
21,ChemIllusion,blk-739e8fd0,Addition–elimination energy profile,energy_diagram,reaction_coordinate,True
21,ChemIllusion,blk-9b827327,Nucleophilic acyl substitution — Step 1: addition to the tetrahedral intermediate,atomic_orbital,reaction,True
21,ChemIllusion,blk-2016c24e,Nucleophilic acyl substitution — Step 2: collapse of the tetrahedral intermediate,atomic_orbital,reaction,True
21,ChemIllusion,blk-de0fdea0,blk-de0fdea0,callout,callout,False
21,ChemIllusion,blk-ecb651f0,blk-ecb651f0,callout,callout,False
21,ChemIllusion,blk-5237a534,Acetic anhydride: two acyl groups sharing one oxygen,molecular_structure,molecule,True
21,ChemIllusion,blk-a86c77f6,"Acetamide, a primary amide",molecular_structure,molecule,True
21,ChemIllusion,blk-c490fc17,blk-c490fc17,callout,callout,False
21,ChemIllusion,blk-82cef579,blk-82cef579,callout,callout,False
21,ChemIllusion,blk-dd540c8d,"Benzoic acid: the starting point, too low on the ladder to acylate an amine",molecular_structure,molecule,True
21,ChemIllusion,blk-f7a90e89,"Benzoyl chloride, the acylating agent for benzamides and benzoate esters",molecular_structure,molecule,True
21,ChemIllusion,blk-56ef0b96,"N-Methylbenzamide: the target, reached by running back down the ladder",molecular_structure,molecule,True
21,ChemIllusion,blk-5549c56e,Acid chloride to amide (two equivalents of amine),reaction,reaction,True
21,ChemIllusion,blk-7fa92f0c,Acid chloride to anhydride (carboxylate acylation),reaction,reaction,True
21,ChemIllusion,blk-d17d0bf9,LiAlH4 reduction of an acid chloride to a primary alcohol,reaction,reaction,True
21,ChemIllusion,blk-b493f9e9,blk-b493f9e9,callout,callout,False
21,ChemIllusion,blk-4c77b70f,blk-4c77b70f,callout,callout,False
21,ChemIllusion,blk-d3991282,Aspirin: an acetyl group delivered by an anhydride,molecular_structure,molecule,True
21,ChemIllusion,blk-c8d1c3dd,Succinic anhydride: a cyclic anhydride whose leaving group cannot escape,molecular_structure,molecule,True
21,ChemIllusion,blk-ac53d0a6,Anhydride to ester (alcohol acylation),reaction,reaction,True
21,ChemIllusion,blk-83a35163,blk-83a35163,callout,callout,False
21,ChemIllusion,blk-9821a94d,blk-9821a94d,callout,callout,False
21,ChemIllusion,blk-82e6702b,"Ethyl benzoate, a representative ester for hydrolysis",molecular_structure,molecule,True
21,ChemIllusion,blk-2f3cb084,Sodium stearate: the soap obtained by saponifying a fat,molecular_structure,molecule,True
21,ChemIllusion,blk-f5718805,"Fischer esterification (acid-catalyzed, reversible)",reaction,reaction,True
21,ChemIllusion,blk-bbaf02a5,Acid-catalyzed ester hydrolysis (reverse of Fischer),reaction,reaction,True
21,ChemIllusion,blk-00cb9a1f,Saponification — Step 1: hydroxide addition to the ester,atomic_orbital,reaction,True
21,ChemIllusion,blk-c5607daa,Saponification — Step 2: collapse and irreversible proton transfer,reaction,reaction,True
21,ChemIllusion,blk-a51bdea3,blk-a51bdea3,callout,callout,False
21,ChemIllusion,blk-9821a94d-1,blk-9821a94d-1,callout,callout,False
21,ChemIllusion,blk-08b835c3,2-Phenylpropan-2-ol: the tertiary alcohol from an ester and a Grignard reagent,molecular_structure,molecule,True
21,ChemIllusion,blk-55dbe4b0,Transesterification (acid-catalyzed alkoxy exchange),reaction,reaction,True
21,ChemIllusion,blk-ec4cf070,Double Grignard addition to an ester (tertiary alcohol),reaction,reaction,True
21,ChemIllusion,blk-7b6cb060,LiAlH4 reduction of an ester to a primary alcohol,reaction,reaction,True
21,ChemIllusion,blk-c9668c5f,blk-c9668c5f,callout,callout,False
21,ChemIllusion,blk-bc7258f7,blk-bc7258f7,callout,callout,False
21,ChemIllusion,blk-4274349f,Benzamide: hydrolysis and reduction of a primary amide,molecular_structure,molecule,True
21,ChemIllusion,blk-36e4f1f8,Amide hydrolysis (basic conditions),reaction,reaction,True
21,ChemIllusion,blk-e92acbb9,Amide hydrolysis (acidic conditions),reaction_mechanism,reaction,True
21,ChemIllusion,blk-92986a4c,LiAlH4 reduction of an amide to an amine (C-N retained),reaction,reaction,True
21,ChemIllusion,blk-88f4312c,blk-88f4312c,callout,callout,False
21,ChemIllusion,blk-c45c0a94,blk-c45c0a94,callout,callout,False
21,ChemIllusion,blk-84371aa8,"S-Methyl thioacetate, a model thioester",molecular_structure,molecule,True
21,ChemIllusion,blk-0f0779b3,"Acetyl phosphate, the other biological activated acyl group",molecular_structure,molecule,True
21,ChemIllusion,blk-4ad15cfa,blk-4ad15cfa,callout,callout,False
21,ChemIllusion,blk-ec397edf,blk-ec397edf,callout,callout,False
21,ChemIllusion,blk-e13cb0a9,"Adipic acid, one half of nylon 66",molecular_structure,molecule,True
21,ChemIllusion,blk-a960bfac,"Hexane-1,6-diamine, the other half of nylon 66",molecular_structure,molecule,True
21,ChemIllusion,blk-3a0f1fd1,"Terephthalic acid, the diacid of poly(ethylene terephthalate)",molecular_structure,molecule,True
21,ChemIllusion,blk-746c2e1f,Caprolactam: one monomer that carries both partners,molecular_structure,molecule,True
21,ChemIllusion,blk-f3c1f6d3,blk-f3c1f6d3,callout,callout,False
21,ChemIllusion,blk-5b01e7c2,blk-5b01e7c2,callout,callout,False
21,ChemIllusion,blk-e12eec67,blk-e12eec67,callout,callout,False
22,OpenStax,Figure 22.1,Tear gas is a controversial riot-control device used by some military and police forces. It is a simple chloroketone made by a carbonyl α-substitution reaction. (credit: modification of work “Tear Gas in CWB Hennessy Road View” by The Stand,other,figure,True
22,OpenStax,Figure 22.2,MECHANISM,reaction_mechanism,figure,True
22,OpenStax,Figure 22.3,MECHANISM,reaction_mechanism,figure,True
22,OpenStax,Figure 22.4,MECHANISM,reaction_mechanism,figure,True
22,OpenStax,Figure 22.5,"Mechanism of enolate-ion formation by abstraction of an α proton from a carbonyl compound. The enolate ion is stabilized by resonance, and the negative charge (red) is shared by the oxygen and the α carbon atom, as indicated in the electros",reaction_mechanism,figure,True
22,OpenStax,Figure 22.6,"The electrostatic potential map of acetone enolate ion shows how the negative charge is delocalized over both the oxygen and the α carbon. As a result, two modes of reaction of an enolate ion with an electrophile E+ are possible. Reaction o",reaction_mechanism,figure,True
22,OpenStax,Figure 22.7,The biosynthesis of indolmycin from indolylpyruvate occurs through a pathway that includes an alkylation reaction of a short-lived enolate ion intermediate. 812 22 • Chemistry Matters,reaction_mechanism,figure,True
22,OpenStax,Figure 22.8,"Different barbiturates come in a multitude of colors, giving rise to similarly colorful street names when the drugs are abused. (credit: “Medications” by freestocks.org/Flickr, Public Domain)",biological_context,figure,True
22,OpenStax,Figure 22.9,The synthesis of barbiturates relies on malonic ester alkylations and nucleophilic acyl substitution reactions. More than 2500 different barbiturates have been synthesized over the past 100 years.,other,figure,True
22,OpenStax,Table 22.1,"lists the approximate pKa values of different types of carbonyl compounds and shows how these values compare to other acidic substances we’ve seen. Note that nitriles, too, are acidic and can be converted into enolate-like anions.",data_table,table,True
22,ChemIllusion,blk-b23e6369,blk-b23e6369,callout,callout,False
22,ChemIllusion,blk-1f7ce2d8,Acetone: the keto tautomer,molecular_structure,molecule,True
22,ChemIllusion,blk-963f8415,Prop-1-en-2-ol: the enol of acetone,molecular_structure,molecule,True
22,ChemIllusion,blk-133ada09,The enol of cyclohexanone,molecular_structure,molecule,True
22,ChemIllusion,blk-87285f16,"2,4-Pentanedione: a doubly activated CH₂",molecular_structure,molecule,True
22,ChemIllusion,blk-87676f57,"The enol of 2,4-pentanedione",molecular_structure,molecule,True
22,ChemIllusion,blk-c506bf3d,Acid-catalyzed tautomerization step 1: protonate the carbonyl,reaction,reaction,True
22,ChemIllusion,blk-eda46cfa,Acid-catalyzed tautomerization step 2: lose the alpha proton to the enol,reaction,reaction,True
22,ChemIllusion,blk-da6e2ecb,blk-da6e2ecb,callout,callout,False
22,ChemIllusion,blk-8caf884e,blk-8caf884e,callout,callout,False
22,ChemIllusion,blk-edf62335,blk-edf62335,callout,callout,False
22,ChemIllusion,blk-26629632,blk-26629632,callout,callout,False
22,ChemIllusion,blk-11475773,2-Bromocyclohexanone: the monobromination product,reaction_mechanism,molecule,True
22,ChemIllusion,blk-1e87ab61,Cyclohex-2-enone: the elimination product,molecular_structure,molecule,True
22,ChemIllusion,blk-6ce5c656,Acetophenone: a methyl ketone,reaction_mechanism,molecule,True
22,ChemIllusion,blk-043dc557,Acid-catalyzed alpha-halogenation of a ketone,reaction,reaction,True
22,ChemIllusion,blk-36efe7af,blk-36efe7af,callout,callout,False
22,ChemIllusion,blk-be14d643,blk-be14d643,callout,callout,False
22,ChemIllusion,blk-2122045c,2-Bromopropanoic acid: a Hell-Volhard-Zelinskii product,molecular_structure,molecule,True
22,ChemIllusion,blk-00d41774,blk-00d41774,callout,callout,False
22,ChemIllusion,blk-09274db8,blk-09274db8,callout,callout,False
22,ChemIllusion,blk-d139b5d3,"The enolate of acetone, drawn with the charge on oxygen",molecular_structure,molecule,True
22,ChemIllusion,blk-b8e98d29,Diethyl malonate: two esters flanking one CH₂,molecular_structure,molecule,True
22,ChemIllusion,blk-d7e6633f,Ethyl acetoacetate: ketone and ester on one carbon,molecular_structure,molecule,True
22,ChemIllusion,blk-014219db,Ethyl acetate: a singly activated ester,molecular_structure,molecule,True
22,ChemIllusion,blk-e7a19329,Enolate formation by deprotonation of an alpha C-H,reaction,reaction,True
22,ChemIllusion,blk-50e73875,blk-50e73875,callout,callout,False
22,ChemIllusion,blk-6ac66bc3,blk-6ac66bc3,callout,callout,False
22,ChemIllusion,blk-b1f5e511,Lithium diisopropylamide (LDA),molecular_structure,molecule,True
22,ChemIllusion,blk-ea1c0a51,2-Methylcyclohexanone: two different alpha carbons,molecular_structure,molecule,True
22,ChemIllusion,blk-79c9ad5b,The kinetic enolate of 2-methylcyclohexanone,molecular_structure,molecule,True
22,ChemIllusion,blk-28351848,The thermodynamic enolate of 2-methylcyclohexanone,data_table,molecule,True
22,ChemIllusion,blk-bbcf6db9,Kinetic enolate: LDA removes the less-hindered alpha proton,reaction,reaction,True
22,ChemIllusion,blk-b1a74e5b,Thermodynamic enolate: equilibrium favors the more-substituted enolate,data_table,reaction,True
22,ChemIllusion,blk-3e4f405d,blk-3e4f405d,callout,callout,False
22,ChemIllusion,blk-4e212281,blk-4e212281,callout,callout,False
22,ChemIllusion,blk-b02ba14b,Iodoform: the yellow precipitate,molecular_structure,molecule,True
22,ChemIllusion,blk-fd2afb44,Haloform (iodoform) reaction of a methyl ketone,reaction_mechanism,reaction,True
22,ChemIllusion,blk-64922a12,blk-64922a12,callout,callout,False
22,ChemIllusion,blk-dd307000,blk-dd307000,callout,callout,False
22,ChemIllusion,blk-d9ca877f,Benzyl bromide: an ideal alkylating agent,molecular_structure,molecule,True
22,ChemIllusion,blk-da26181b,Enolate alkylation: a new C-C bond by SN2,reaction_mechanism,reaction,True
22,ChemIllusion,blk-a537187d,blk-a537187d,callout,callout,False
22,ChemIllusion,blk-dfa7a3a6,blk-dfa7a3a6,callout,callout,False
22,ChemIllusion,blk-a556fa4e,blk-a556fa4e,teaching_asset,teaching_asset,False
22,ChemIllusion,blk-8b7814c8,Pentanoic acid: a malonic ester synthesis product,molecular_structure,molecule,True
22,ChemIllusion,blk-3d6a6746,Malonic ester synthesis: alkyl halide to a substituted acetic acid,reaction,reaction,True
22,ChemIllusion,blk-db08b83e,blk-db08b83e,callout,callout,False
22,ChemIllusion,blk-60652c26,blk-60652c26,callout,callout,False
22,ChemIllusion,blk-950e67d2,blk-950e67d2,teaching_asset,teaching_asset,False
22,ChemIllusion,blk-89f20ad9,4-Phenyl-2-butanone: an acetoacetic ester synthesis product,molecular_structure,molecule,True
22,ChemIllusion,blk-9250c318,Acetoacetic ester synthesis: alkyl halide to a methyl ketone,reaction,reaction,True
22,ChemIllusion,blk-1310737d,blk-1310737d,callout,callout,False
23,OpenStax,Figure 23.1,"Many of the molecules needed by all growing organisms are biosynthesized using carbonyl condensation reactions. (credit: modification of work “Newborn Sea Lion” by Steven Bedard/Flickr, CC BY 2.0)",molecular_structure,figure,True
23,OpenStax,Figure 23.2,MECHANISM,reaction_mechanism,figure,True
23,OpenStax,Figure 23.3,"The pi bonding molecular orbitals of a conjugated enone (propenal) and a conjugated diene (1,3-butadiene) are similar in shape and are spread over the entire pi system.",atomic_orbital,figure,True
23,OpenStax,Figure 23.4,"Intramolecular aldol reaction of 2,5-hexanedione yields 3-methyl-2-cyclopentenone rather than the alternative cyclopropene.",reaction_mechanism,figure,True
23,OpenStax,Figure 23.5,MECHANISM,reaction_mechanism,figure,True
23,OpenStax,Figure 23.6,MECHANISM,reaction_mechanism,figure,True
23,OpenStax,Figure 23.7,MECHANISM,reaction_mechanism,figure,True
23,OpenStax,Figure 23.8,"The Stork enamine reaction between cyclohexanone and 3-buten-2-one. (1) Cyclohexanone is first converted into an enamine, (2) the enamine adds to the α,β-unsaturated ketone in a Michael reaction, and (3) the conjugate addition product is hy",other,figure,True
23,OpenStax,Figure 23.9,Synthesis of the steroid hormone estrone using a Robinson annulation reaction. The nucleophilic donor is a β-diketone.,other,figure,True
23,OpenStax,Figure 23.10,"You are what you eat. Food molecules are metabolized by pathways that involve the four major carbonyl-group reactions. (credit: “Spring” by Giuseppe Arcimboldo, Louvre Museum/Wikimedia Commons, Public Domain)",molecular_structure,figure,True
23,OpenStax,Table 23.1,Some Michael Acceptors and Michael Donors,data_table,table,True
23,ChemIllusion,blk-975ea0db,blk-975ea0db,callout,callout,False
23,ChemIllusion,blk-b23160dc,Acetaldehyde: a partner that can play both roles,molecular_structure,molecule,True
23,ChemIllusion,blk-833b3791,The acetaldehyde enolate: the donor half of every aldol,molecular_structure,molecule,True
23,ChemIllusion,blk-8964950a,Benzaldehyde: an acceptor that cannot compete as a donor,reaction_mechanism,molecule,True
23,ChemIllusion,blk-a377c24a,But-3-en-2-one (methyl vinyl ketone): a conjugate acceptor,molecular_structure,molecule,True
23,ChemIllusion,blk-52154cf0,blk-52154cf0,callout,callout,False
23,ChemIllusion,blk-69e44949,blk-69e44949,callout,callout,False
23,ChemIllusion,blk-f15c9637,3-Hydroxybutanal: the aldol product of acetaldehyde,reaction_mechanism,molecule,True
23,ChemIllusion,blk-1b751735,Acetone: a ketone whose aldol equilibrium runs backward,molecular_structure,molecule,True
23,ChemIllusion,blk-b6cecc85,4-Hydroxy-4-methylpentan-2-one: the acetone aldol product,molecular_structure,molecule,True
23,ChemIllusion,blk-e4f967db,Aldol addition: enolate adds to a second aldehyde,reaction,reaction,True
23,ChemIllusion,blk-c200e966,blk-c200e966,callout,callout,False
23,ChemIllusion,blk-1b76c74c,blk-1b76c74c,callout,callout,False
23,ChemIllusion,blk-4c230789,(E)-But-2-enal: the enone from dehydrating the acetaldehyde aldol,molecular_structure,molecule,True
23,ChemIllusion,blk-42f479d9,4-Methylpent-3-en-2-one: dehydration rescues the ketone condensation,molecular_structure,molecule,True
23,ChemIllusion,blk-764fd5c6,Aldol condensation: dehydration of the beta-hydroxy aldehyde to the enone,reaction,reaction,True
23,ChemIllusion,blk-8665ef29,blk-8665ef29,callout,callout,False
23,ChemIllusion,blk-a6510ad6,blk-a6510ad6,callout,callout,False
23,ChemIllusion,blk-e72d40d9,(E)-4-Phenylbut-3-en-2-one: a clean mixed aldol condensation product,molecular_structure,molecule,True
23,ChemIllusion,blk-afff63d3,Crossed aldol condensation: benzaldehyde with acetone,reaction,reaction,True
23,ChemIllusion,blk-c9ee5e2d,blk-c9ee5e2d,callout,callout,False
23,ChemIllusion,blk-c1da82f4,blk-c1da82f4,callout,callout,False
23,ChemIllusion,blk-90c1f7c6,"Hexane-2,5-dione: a 1,4-diketone that closes a five-membered ring",molecular_structure,molecule,True
23,ChemIllusion,blk-f50330c4,3-Methylcyclopent-2-enone: the five-membered condensation product,molecular_structure,molecule,True
23,ChemIllusion,blk-d8637ed1,"Heptane-2,6-dione: a 1,5-diketone that closes a six-membered ring",molecular_structure,molecule,True
23,ChemIllusion,blk-cdb45b5b,3-Methylcyclohex-2-enone: the six-membered condensation product,reaction_mechanism,molecule,True
23,ChemIllusion,blk-b9c84467,Intramolecular aldol: a diketone closes to a cyclic enone,reaction,reaction,True
23,ChemIllusion,blk-78dcbc3d,blk-78dcbc3d,callout,callout,False
23,ChemIllusion,blk-39a36c39,blk-39a36c39,callout,callout,False
23,ChemIllusion,blk-3fb2d4e8,Ethyl acetate: an ester carries a leaving group its aldol counterpart lacks,molecular_structure,molecule,True
23,ChemIllusion,blk-f1436efd,Ethyl acetoacetate: the beta-keto ester from the Claisen condensation,molecular_structure,molecule,True
23,ChemIllusion,blk-f616ade0,Claisen condensation: two esters give a beta-keto ester,reaction,reaction,True
23,ChemIllusion,blk-14e7ff5f,blk-14e7ff5f,callout,callout,False
23,ChemIllusion,blk-5ddc7984,blk-5ddc7984,callout,callout,False
23,ChemIllusion,blk-2c46fe46,"Diethyl hexanedioate: a 1,6-diester poised for five-membered closure",molecular_structure,molecule,True
23,ChemIllusion,blk-e4d8c92e,Ethyl 2-oxocyclopentane-1-carboxylate: the Dieckmann product,molecular_structure,molecule,True
23,ChemIllusion,blk-6d5efa12,Dieckmann cyclization: a diester closes to a cyclic beta-keto ester,reaction,reaction,True
23,ChemIllusion,blk-13ce8d50,blk-13ce8d50,callout,callout,False
23,ChemIllusion,blk-5a6e2240,blk-5a6e2240,callout,callout,False
23,ChemIllusion,blk-56c37eb9,Diethyl malonate: the archetypal Michael donor,molecular_structure,molecule,True
23,ChemIllusion,blk-60e23b46,Diethyl 2-(3-oxobutyl)malonate: the Michael adduct,data_table,molecule,True
23,ChemIllusion,blk-81a65865,"Michael 1,4-conjugate addition: malonate enolate to methyl vinyl ketone",reaction,reaction,True
23,ChemIllusion,blk-16d2140e,blk-16d2140e,callout,callout,False
23,ChemIllusion,blk-c6457a1f,blk-c6457a1f,callout,callout,False
23,ChemIllusion,blk-3f77e345,Cyclohexanone: the ketone that becomes an enamine,molecular_structure,molecule,True
23,ChemIllusion,blk-3e56ff5e,"1-(Cyclohex-1-en-1-yl)pyrrolidine: the enamine, a neutral enolate equivalent",molecular_structure,molecule,True
23,ChemIllusion,blk-e5f43c40,2-(3-Oxobutyl)cyclohexan-1-one: the Stork product after hydrolysis,molecular_structure,molecule,True
23,ChemIllusion,blk-c8138260,Stork enamine alkylation: alpha-functionalization via an enamine intermediate,reaction,reaction,True
23,ChemIllusion,blk-645041f2,blk-645041f2,callout,callout,False
23,ChemIllusion,blk-20678583,blk-20678583,callout,callout,False
23,ChemIllusion,blk-114e9d10,"2-Methylcyclohexane-1,3-dione: a doubly activated Robinson donor",reaction_mechanism,molecule,True
23,ChemIllusion,blk-1278327b,"2-Methyl-2-(3-oxobutyl)cyclohexane-1,3-dione: the Michael stage",data_table,molecule,True
23,ChemIllusion,blk-b3b598f3,The bicyclic enone from the Robinson annulation,reaction_mechanism,molecule,True
23,ChemIllusion,blk-f46b53dd,Robinson annulation: Michael addition followed by intramolecular aldol condensation,reaction_mechanism,reaction,True
23,ChemIllusion,blk-9e21ca18,blk-9e21ca18,callout,callout,False
24,OpenStax,Figure 24.1,"The characteristic and unmistakable odor of fish is due to a mixture of simple alkylamines. (credit: modification of work “Pike Place” by Sharat Ganapati/Flickr, CC BY 2.0)",other,figure,True
24,OpenStax,Figure 24.2,Pyramidal inversion rapidly interconverts the two mirror-image (enantiomeric) forms of an amine.,other,figure,True
24,OpenStax,Figure 24.3,Hydrogen bonding in amines.,other,figure,True
24,OpenStax,Figure 24.4,Separation and purification of an amine component from a mixture by extraction of its ammonium salt into water.,other,figure,True
24,OpenStax,Figure 24.5,illustrates this difference.,other,figure,True
24,OpenStax,Figure 24.6,MECHANISM,reaction_mechanism,figure,True
24,OpenStax,Figure 24.7,MECHANISM,reaction_mechanism,figure,True
24,OpenStax,Figure 24.8,Electrophilic nitration of pyrrole. The intermediate produced by reaction at C2 is more s,other,figure,True
24,OpenStax,Figure 24.9,recalls the IR spectrum of cyclohexylamine from Section 12.8.,other,figure,True
24,OpenStax,Figure 24.10,Proton NMR spectrum of N-methylcyclohexylamine. Carbons next to amine nitrogens are slightly deshielded in the 13C NMR spectrum and absorb about 20 ppm downfield from where they would absorb in an alkane of similar structure. In N-methylcyc,other,figure,True
24,OpenStax,Figure 24.11,"has peaks at m/z = 58 and m/z = 72, corresponding to the two possible modes of α cleavage. 892 24 • Amines and Heterocycles",other,figure,True
24,OpenStax,Table 24.1,"lists pKa values of the ammonium ions from a variety of amines and indicates that there is a substantial range of amine basicities. Most simple alkylamines are similar in their base strength, with pKa’s for their ammonium ions in the narrow",data_table,table,True
24,OpenStax,Table 24.2,"considers only p-substituted anilines, but similar trends are observed for ortho and meta derivatives.",data_table,table,True
24,ChemIllusion,blk-857ae331,blk-857ae331,callout,callout,False
24,ChemIllusion,blk-43af3804,Methylamine: the simplest primary amine,molecular_structure,molecule,True
24,ChemIllusion,blk-3858d305,tert-Butylamine: a primary amine on a tertiary carbon,molecular_structure,molecule,True
24,ChemIllusion,blk-bfda703c,Triethylamine: a tertiary amine,molecular_structure,molecule,True
24,ChemIllusion,blk-eabc552c,"Tetramethylammonium ion: quaternary, charged, and not an amine",molecular_structure,molecule,True
24,ChemIllusion,blk-f00839cf,blk-f00839cf,callout,callout,False
24,ChemIllusion,blk-64d1cb44,blk-64d1cb44,callout,callout,False
24,ChemIllusion,blk-7c2b9ace,"Cyclohexylamine: an alkylamine benchmark, pKaH 10.7",molecular_structure,molecule,True
24,ChemIllusion,blk-732de5cc,Acetamide: a nitrogen that is not a base,molecular_structure,molecule,True
24,ChemIllusion,blk-8745b9ce,blk-8745b9ce,callout,callout,False
24,ChemIllusion,blk-4f2815af,blk-4f2815af,callout,callout,False
24,ChemIllusion,blk-406a6a55,"Aniline: the parent arylamine, pKaH 4.6",molecular_structure,molecule,True
24,ChemIllusion,blk-818841dd,p-Nitroaniline: an electron-withdrawing group deepens the discount,molecular_structure,molecule,True
24,ChemIllusion,blk-aaacfc88,blk-aaacfc88,callout,callout,False
24,ChemIllusion,blk-38b379b6,blk-38b379b6,callout,callout,False
24,ChemIllusion,blk-3401c507,Phthalimide: the Gabriel synthesis' masked nitrogen,molecular_structure,molecule,True
24,ChemIllusion,blk-d2cb6ae5,"Butyl azide: nitrogen installed, appetite gone",molecular_structure,molecule,True
24,ChemIllusion,blk-2fb94816,Butan-1-amine: the clean product of the masked-nitrogen routes,molecular_structure,molecule,True
24,ChemIllusion,blk-f2bf7a79,Gabriel synthesis: phthalimide anion to primary amine,reaction_mechanism,reaction,True
24,ChemIllusion,blk-94448a96,Amine N-alkylation: SN2 of a primary amine with an alkyl halide,reaction_mechanism,reaction,True
24,ChemIllusion,blk-9a45778f,Amine acylation: amine with an acid chloride gives an amide,reaction,reaction,True
24,ChemIllusion,blk-d95cf6ee,blk-d95cf6ee,callout,callout,False
24,ChemIllusion,blk-93f2effb,blk-93f2effb,callout,callout,False
24,ChemIllusion,blk-81eed4fc,Propanenitrile: one carbon longer than the halide that made it,molecular_structure,molecule,True
24,ChemIllusion,blk-3d1460c9,Nitrobenzene: the gateway to every arylamine,molecular_structure,molecule,True
24,ChemIllusion,blk-f8ad31b8,Hofmann rearrangement: primary amide to primary amine with one fewer carbon,data_table,reaction,True
24,ChemIllusion,blk-c9300d38,blk-c9300d38,callout,callout,False
24,ChemIllusion,blk-f080369c,blk-f080369c,callout,callout,False
24,ChemIllusion,blk-2f63a522,Cyclohexanone: the carbonyl partner in a reductive amination,molecular_structure,molecule,True
24,ChemIllusion,blk-3191ce94,"N-Methylcyclohexylamine: cyclohexanone plus methylamine, reduced",molecular_structure,molecule,True
24,ChemIllusion,blk-88a32ef2,Reductive amination: ketone plus amine gives a secondary amine,reaction,reaction,True
24,ChemIllusion,blk-3d27fb1c,blk-3d27fb1c,callout,callout,False
24,ChemIllusion,blk-ea899b5c,blk-ea899b5c,callout,callout,False
24,ChemIllusion,blk-2d8d0be3,sec-Butylamine: the Hofmann elimination's starting amine,molecular_structure,molecule,True
24,ChemIllusion,blk-7941d4d9,(sec-Butyl)trimethylammonium ion: the manufactured leaving group,molecular_structure,molecule,True
24,ChemIllusion,blk-56f20b21,1-Butene: the Hofmann product,molecular_structure,molecule,True
24,ChemIllusion,blk-6564fce6,Hofmann elimination step 1: exhaustive methylation to the quaternary ammonium salt,reaction,reaction,True
24,ChemIllusion,blk-a52b28a1,Hofmann elimination step 2: E2 gives the less-substituted Hofmann alkene,reaction,reaction,True
24,ChemIllusion,blk-c899835d,blk-c899835d,callout,callout,False
24,ChemIllusion,blk-727b95c1,blk-727b95c1,callout,callout,False
24,ChemIllusion,blk-351dc43f,Benzenediazonium ion: nitrogen poised to leave,molecular_structure,molecule,True
24,ChemIllusion,blk-bdb5cc2f,Benzonitrile: the Sandmeyer cyanation product,molecular_structure,molecule,True
24,ChemIllusion,blk-739099bf,p-(Phenyldiazenyl)phenol: an azo dye from diazonium coupling,molecular_structure,molecule,True
24,ChemIllusion,blk-4f580d4b,Diazotization: primary aromatic amine to aryldiazonium salt,data_table,reaction,True
24,ChemIllusion,blk-2dd986df,Sandmeyer reaction: aryldiazonium to aryl bromide via CuBr,reaction_mechanism,reaction,True
24,ChemIllusion,blk-872a0915,Azo coupling: aryldiazonium with phenol to give an azo dye,data_table,reaction,True
24,ChemIllusion,blk-3a85a35f,blk-3a85a35f,callout,callout,False
24,ChemIllusion,blk-4c8f4de9,blk-4c8f4de9,callout,callout,False
24,ChemIllusion,blk-53eb368f,Pyrrole: the lone pair belongs to the ring,molecular_structure,molecule,True
24,ChemIllusion,blk-c1966332,Imidazole: one nitrogen of each kind,molecular_structure,molecule,True
24,ChemIllusion,blk-e670ec24,Histamine: an imidazole your immune system deploys,molecular_structure,molecule,True
24,ChemIllusion,blk-890abda1,blk-890abda1,callout,callout,False
24,ChemIllusion,blk-39e24210,blk-39e24210,callout,callout,False
24,ChemIllusion,blk-73b2ee52,Pyridine: aromatic with the lone pair left over,atomic_orbital,molecule,True
24,ChemIllusion,blk-d8b47cd9,Quinoline: pyridine wearing a benzo ring,molecular_structure,molecule,True
24,ChemIllusion,blk-797de715,blk-797de715,callout,callout,False
25,OpenStax,Figure 25.1,"Produced by honeybees from the nectar of flowers, honey is primarily a mixture of the two simple sugars fructose and glucose. (credit: modification of work “Apis mellifera” by Thomas Bresson/Flickr, CC BY 2.0)",other,figure,True
25,OpenStax,Figure 25.2,A Fischer projection of (R)-glyceraldehyde.,other,figure,True
25,OpenStax,Figure 25.3,Some naturally occurring D sugars. The -OH group at the chirality center farthest from the carbonyl group has the same configuration as (R)-(+)-glyceraldehyde and points toward the right in Fischer projections.,other,figure,True
25,OpenStax,Figure 25.4,"has an L enantiomer, which is not shown.",other,figure,True
25,OpenStax,Figure 25.5,"Glucose in its cyclic pyranose forms. As explained in the text, two anomers are formed by cyclization of glucose. The molecule whose newly formed -OH group at C1 is cis to the oxygen atom on the lowest chirality center (C5) in a Fischer pro",molecular_structure,figure,True
25,OpenStax,Figure 25.6,Pyranose and furanose forms of fructose in aqueous solution. The two pyranose anomers result from addition of the C6 -OH group to the C2 carbonyl; the two furanose anomers result from addition of the C5 -OH group to the C2 carbonyl.,other,figure,True
25,OpenStax,Figure 25.7,"Mechanism of the Koenigs-Knorr reaction, showing the neighboring-group effect of a nearby acetate.",reaction_mechanism,figure,True
25,OpenStax,Figure 25.8,"Glycoprotein formation occurs by initial phosphorylation of the starting carbohydrate with ATP to a glycosyl monophosphate, followed by reaction with UTP to form a glycosyl uridine 5′-diphosphate. Nucleophilic substitution by an -OH (or -NH",biological_context,figure,True
25,OpenStax,Figure 25.9,"Fructose, a ketose, is a reducing sugar because it undergoes two base-catalyzed keto-enol tautomerizations that result in conversion to a mixture of aldoses. If warm, dilute HNO3 (nitric acid) is used as the oxidizing agent, an aldose is ox",other,figure,True
25,OpenStax,Figure 25.10,Structures of the eight monosaccharides essential to humans.,other,figure,True
25,OpenStax,Figure 25.11,An overview of biosynthetic pathways for the eight essential monosaccharides.,other,figure,True
25,OpenStax,Figure 25.12,A representation of the structure of glycogen. The hexagons represent glucose units linked by 1→4 and 1→6 glycoside bonds. Polysaccharide Synthesis,molecular_structure,figure,True
25,OpenStax,Figure 25.13,"The real thing comes from sugarcane fields like this one. (credit: modification of work “Flowering sugarcane field” by “carrotmadman6”/Flickr, CC BY 2.0)",other,figure,True
25,OpenStax,Table 25.1,is generally accepted.,data_table,table,True
25,ChemIllusion,blk-ebe86692,blk-ebe86692,callout,callout,False
25,ChemIllusion,blk-098426c5,D-Glyceraldehyde: the smallest chiral aldose,molecular_structure,molecule,True
25,ChemIllusion,blk-d230dca4,Dihydroxyacetone: the achiral ketotriose,molecular_structure,molecule,True
25,ChemIllusion,blk-b6bdeb2d,"D-Glucose, open-chain form: the reference aldohexose",molecular_structure,molecule,True
25,ChemIllusion,blk-b2e02686,"D-Fructose, open-chain form: a ketohexose",molecular_structure,molecule,True
25,ChemIllusion,blk-36bc9d02,2-Deoxy-D-ribose,molecular_structure,molecule,True
25,ChemIllusion,blk-b6920d94,blk-b6920d94,callout,callout,False
25,ChemIllusion,blk-43051222,blk-43051222,callout,callout,False
25,ChemIllusion,blk-5c08d2af,D-Erythrose: both hydroxyls on the right,molecular_structure,molecule,True
25,ChemIllusion,blk-68f7dfbd,D-Threose: the C2 epimer of D-erythrose,molecular_structure,molecule,True
25,ChemIllusion,blk-3d1f6493,blk-3d1f6493,callout,callout,False
25,ChemIllusion,blk-a83a829b,blk-a83a829b,callout,callout,False
25,ChemIllusion,blk-617837d5,L-Glyceraldehyde: the mirror image reference,molecular_structure,molecule,True
25,ChemIllusion,blk-e2a05cc4,L-Glucose: every stereocenter inverted,molecular_structure,molecule,True
25,ChemIllusion,blk-75844d1e,D-Galactose: the C4 epimer of D-glucose,molecular_structure,molecule,True
25,ChemIllusion,blk-fa0e3a84,D-Mannose: the C2 epimer of D-glucose,molecular_structure,molecule,True
25,ChemIllusion,blk-14afe66f,blk-14afe66f,callout,callout,False
25,ChemIllusion,blk-61a11513,blk-61a11513,callout,callout,False
25,ChemIllusion,blk-a3ce0c03,5-Hydroxypentanal: a sugar-free model of ring closure,molecular_structure,molecule,True
25,ChemIllusion,blk-64553c6c,The cyclic hemiacetal of 5-hydroxypentanal,molecular_structure,molecule,True
25,ChemIllusion,blk-b7c8e7c3,α-D-Glucopyranose,molecular_structure,molecule,True
25,ChemIllusion,blk-2cb6a4b5,β-D-Glucopyranose,molecular_structure,molecule,True
25,ChemIllusion,blk-190916ff,blk-190916ff,callout,callout,False
25,ChemIllusion,blk-f06b3f9f,blk-f06b3f9f,callout,callout,False
25,ChemIllusion,blk-58953b6f,"Mutarotation, first half: the ring opens to the free aldehyde",reaction_mechanism,reaction,True
25,ChemIllusion,blk-4821f5c0,"Mutarotation, second half: the ring closes on the other face",reaction_mechanism,reaction,True
25,ChemIllusion,blk-2c386e4e,β-D-Fructofuranose,molecular_structure,molecule,True
25,ChemIllusion,blk-1c7a097a,blk-1c7a097a,callout,callout,False
25,ChemIllusion,blk-45bdc529,blk-45bdc529,callout,callout,False
25,ChemIllusion,blk-dceaaea8,β-D-Galactopyranose,molecular_structure,molecule,True
25,ChemIllusion,blk-ef712a89,β-D-Ribofuranose,molecular_structure,molecule,True
25,ChemIllusion,blk-758454b0,blk-758454b0,callout,callout,False
25,ChemIllusion,blk-c2e7f3af,blk-c2e7f3af,callout,callout,False
25,ChemIllusion,blk-133b6665,β-D-Xylopyranose,molecular_geometry,molecule,True
25,ChemIllusion,blk-18ad6045,α-D-Mannopyranose,molecular_geometry,molecule,True
25,ChemIllusion,blk-deef1a7a,blk-deef1a7a,callout,callout,False
25,ChemIllusion,blk-899efac8,blk-899efac8,callout,callout,False
25,ChemIllusion,blk-41ee34a4,Methyl α-D-glucopyranoside,molecular_structure,molecule,True
25,ChemIllusion,blk-838c0507,Methyl β-D-glucopyranoside,molecular_structure,molecule,True
25,ChemIllusion,blk-01473fc8,blk-01473fc8,callout,callout,False
25,ChemIllusion,blk-04c96b36,blk-04c96b36,callout,callout,False
25,ChemIllusion,blk-18f90e98,D-Glucitol (sorbitol): the alditol from reducing D-glucose,molecular_structure,molecule,True
25,ChemIllusion,blk-96853e90,D-Gluconic acid: the aldonic acid from oxidizing C1,molecular_structure,molecule,True
25,ChemIllusion,blk-d9f4a8ef,D-Glucaric acid: the aldaric acid from oxidizing both ends,molecular_structure,molecule,True
25,ChemIllusion,blk-6df37c49,The D-gluco cyanohydrin: the Kiliani–Fischer intermediate,molecular_structure,molecule,True
25,ChemIllusion,blk-59977dca,blk-59977dca,callout,callout,False
25,ChemIllusion,blk-7d221af3,blk-7d221af3,callout,callout,False
25,ChemIllusion,blk-19a2d339,"Maltose: an α-1,4 linked glucose dimer",molecular_structure,molecule,True
25,ChemIllusion,blk-dbd99ac7,"Cellobiose: the same two sugars, a β-1,4 linkage",molecular_structure,molecule,True
25,ChemIllusion,blk-aacf0f7b,"Lactose: a β-1,4 linkage between galactose and glucose",molecular_structure,molecule,True
25,ChemIllusion,blk-f2e3c9cd,Sucrose: both anomeric carbons committed,molecular_structure,molecule,True
25,ChemIllusion,blk-be50b704,blk-be50b704,callout,callout,False
26,OpenStax,Figure 26.1,"The building blocks of life that we call proteins are aptly named after Proteus, the early Greek sea-god whose name means “first” or “primordial.” (credit: modification of work by Coyau/Wikimedia Commons, CC BY-SA 3.0)",biological_context,figure,True
26,OpenStax,Figure 26.2,"A titration curve for alanine, plotted using the Henderson-Hasselbalch equation. Each of the two legs is plotted separately. At pH < 1, alanine is entirely protonated; at pH = 2.34, alanine is a 50 : 50 mix of protonated and neutral forms; ",other,figure,True
26,OpenStax,Figure 26.3,"illustrates this process for a mixture containing basic, neutral, and acidic components.",other,figure,True
26,OpenStax,Figure 26.4,"shows the results of amino acid analysis of a standard equimolar mixture of 17 α-amino acids. Typically, amino acid analysis requires about 100 picomoles (2-3 μg) of sample for a protein containing about 200 residues. 960 26 • Biomolecules:",molecular_structure,figure,True
26,OpenStax,Figure 26.5,MECHANISM,reaction_mechanism,figure,True
26,OpenStax,Figure 26.6,"(a) The α-helical secondary structure of proteins is stabilized by hydrogen bonds between the N-H group of one residue and the group four residues away. (b) The structure of myoglobin, a globular protein with extensive helical regions that ",molecular_structure,figure,True
26,OpenStax,Figure 26.7,"(a) The β-pleated sheet secondary structure of proteins is stabilized by hydrogen bonds between parallel or antiparallel chains. (b) The structure of concanavalin A, a protein with extensive regions of antiparallel β sheets, shown as flat r",molecular_structure,figure,True
26,OpenStax,Figure 26.8,A representation of protein denaturation. A globular protein loses its specific three-dimensional shape and becomes randomly looped.,biological_context,figure,True
26,OpenStax,Figure 26.9,"Energy diagrams for uncatalyzed and enzyme-catalyzed processes. The enzyme makes available an alternative, lower- energy pathway. Rate enhancement is due to the ability of the enzyme to bind to the transition state for product formation, th",biological_context,figure,True
26,OpenStax,Figure 26.10,"shows the structure of citrate synthase as determined by X-ray crystallography, along with a close-up of the active site.",molecular_structure,figure,True
26,OpenStax,Figure 26.11,MECHANISM,reaction_mechanism,figure,True
26,OpenStax,Figure 26.12,"will appear. As with much that is available online, however, the PDB site is changing rapidly, so you may not see quite the same thing.",other,figure,True
26,OpenStax,Figure 26.13,"An image of citrate synthase, downloaded from the Protein Data Bank. (credit: Protein Data Bank, 1AL6 B. PDB ID: 1AL6 B. Schwartz, K.W. Vogel, K.C. Usher, C. Narasimhan, H.M. Miziorko, S.J. Remington, D.G. Drueckhammer. Mechanisms of Enzyme",reaction_mechanism,figure,True
26,OpenStax,Table 26.1,The 20 Common Amino Acids in Proteins,data_table,table,True
26,OpenStax,Table 26.2,Classification of Enzymes,data_table,table,True
26,OpenStax,Table 26.3,shows the structures of some common coenzymes. PROBLEM To what classes do the following enzymes belong? 26-18 (a) Pyruvate decarboxylase (b) Chymotrypsin (c) Alcohol dehydrogenase 26.11 How Do Enzymes Work? Citrate Synthase As we saw in the,data_table,table,True
26,ChemIllusion,blk-3404a020,blk-3404a020,callout,callout,False
26,ChemIllusion,blk-2450cf95,Glycine: the one achiral standard amino acid,molecular_structure,molecule,True
26,ChemIllusion,blk-259aacce,L-Alanine: the smallest chiral amino acid,molecular_structure,molecule,True
26,ChemIllusion,blk-025005e4,L-Serine: a polar side chain that can hydrogen bond,molecular_structure,molecule,True
26,ChemIllusion,blk-9a2c9656,L-Aspartic acid: an acidic side chain,molecular_structure,molecule,True
26,ChemIllusion,blk-99e5ef5b,L-Lysine: a basic side chain that is protonated at pH 7,molecular_structure,molecule,True
26,ChemIllusion,blk-24376b3a,"L-Proline: a secondary amine, and a helix breaker",molecular_structure,molecule,True
26,ChemIllusion,blk-12ab5d74,L-Cysteine: the L-amino acid whose CIP descriptor is R,molecular_structure,molecule,True
26,ChemIllusion,blk-25579599,"L-Phenylalanine: an aromatic, hydrophobic side chain",molecular_structure,molecule,True
26,ChemIllusion,blk-43dee347,L-Glutamic acid: one CH₂ longer than aspartic acid,molecular_structure,molecule,True
26,ChemIllusion,blk-60b22033,L-Histidine: the side chain that titrates near physiological pH,molecular_structure,molecule,True
26,ChemIllusion,blk-90f0ab59,"L-Tryptophan: the largest side chain, and the one hydrolysis destroys",molecular_structure,molecule,True
26,ChemIllusion,blk-280101a6,L-Valine: a branched hydrophobic side chain,molecular_structure,molecule,True
26,ChemIllusion,blk-8e9d715f,"L-Glutamine: an amide side chain, not an acid",molecular_structure,molecule,True
26,ChemIllusion,blk-41df2014,blk-41df2014,callout,callout,False
26,ChemIllusion,blk-7f5e31d4,blk-7f5e31d4,callout,callout,False
26,ChemIllusion,blk-53fc3557,"L-Threonine: two stereocenters, not one",molecular_structure,molecule,True
26,ChemIllusion,blk-43a74729,L-Isoleucine: the other two-stereocenter residue,molecular_structure,molecule,True
26,ChemIllusion,blk-647781c2,blk-647781c2,callout,callout,False
26,ChemIllusion,blk-39365e4a,blk-39365e4a,callout,callout,False
26,ChemIllusion,blk-f5107888,Glycine at low pH: the cation,molecular_structure,molecule,True
26,ChemIllusion,blk-ef3893db,Glycine near neutral pH: the zwitterion,data_table,molecule,True
26,ChemIllusion,blk-8f5d2217,Glycine at high pH: the anion,molecular_structure,molecule,True
26,ChemIllusion,blk-aed4b543,L-Alanine as it exists in water,molecular_structure,molecule,True
26,ChemIllusion,blk-f376a75e,blk-f376a75e,callout,callout,False
26,ChemIllusion,blk-c5f1e09c,blk-c5f1e09c,callout,callout,False
26,ChemIllusion,blk-86b2934a,blk-86b2934a,image,image,True
26,ChemIllusion,blk-d137adb6,blk-d137adb6,image,image,True
26,ChemIllusion,blk-9812f8f8,Aspartate above pH 10: the alpha-ammonium group deprotonated too,molecular_structure,molecule,True
26,ChemIllusion,blk-78b943e0,Lysine at low pH: both nitrogens protonated,molecular_structure,molecule,True
26,ChemIllusion,blk-e4c635d4,blk-e4c635d4,callout,callout,False
26,ChemIllusion,blk-cab4cef6,blk-cab4cef6,callout,callout,False
26,ChemIllusion,blk-24ac6ac2,2-Bromopropanoic acid: the Hell-Volhard-Zelinskii product,molecular_structure,molecule,True
26,ChemIllusion,blk-499a93b9,Diethyl acetamidomalonate: the amidomalonate reagent,molecular_structure,molecule,True
26,ChemIllusion,blk-afb1dc04,2-Aminopropanenitrile: the Strecker intermediate,molecular_structure,molecule,True
26,ChemIllusion,blk-4ebd36aa,blk-4ebd36aa,callout,callout,False
26,ChemIllusion,blk-e37ca25d,blk-e37ca25d,callout,callout,False
26,ChemIllusion,blk-6f4a892a,Ala-Gly: alanine at the N-terminus,molecular_structure,molecule,True
26,ChemIllusion,blk-b4505345,"Gly-Ala: the other order, a different compound",molecular_structure,molecule,True
26,ChemIllusion,blk-eb6d5a41,blk-eb6d5a41,callout,callout,False
26,ChemIllusion,blk-6e3ea451,blk-6e3ea451,callout,callout,False
26,ChemIllusion,blk-846a7623,Phenyl isothiocyanate: the Edman reagent,molecular_structure,molecule,True
26,ChemIllusion,blk-34a76022,PTH-alanine: what one Edman cycle releases,data_table,molecule,True
26,ChemIllusion,blk-e8a96119,Cystine: two cysteines joined by a disulfide,molecular_structure,molecule,True
26,ChemIllusion,blk-d3495a61,blk-d3495a61,image,image,True
26,ChemIllusion,blk-9dcfb900,blk-9dcfb900,callout,callout,False
26,ChemIllusion,blk-ab1e9206,blk-ab1e9206,callout,callout,False
26,ChemIllusion,blk-3b5cd1ec,Boc-glycine: an amino group protected as a carbamate,molecular_structure,molecule,True
26,ChemIllusion,blk-88e28401,Fmoc-glycine: the base-labile alternative,molecular_structure,molecule,True
26,ChemIllusion,blk-73cb0ad2,DCC: the carbodiimide that activates the carboxyl,molecular_structure,molecule,True
26,ChemIllusion,blk-281812e9,blk-281812e9,callout,callout,False
26,ChemIllusion,blk-da0f9421,blk-da0f9421,callout,callout,False
26,ChemIllusion,blk-9d41c1c4,blk-9d41c1c4,image,image,True
26,ChemIllusion,blk-123b5d9a,blk-123b5d9a,data_table,image,True
26,ChemIllusion,blk-0908a700,blk-0908a700,image,image,True
26,ChemIllusion,blk-775219ab,blk-775219ab,image,image,True
26,ChemIllusion,blk-84b05f73,blk-84b05f73,callout,callout,False
26,ChemIllusion,blk-bdb7c79f,blk-bdb7c79f,callout,callout,False
26,ChemIllusion,blk-43eb5d33,blk-43eb5d33,image,image,True
26,ChemIllusion,blk-35616e5e,blk-35616e5e,image,image,True
26,ChemIllusion,blk-8d79b4d4,blk-8d79b4d4,callout,callout,False
27,OpenStax,Figure 27.1,"Soap bubbles, so common yet so beautiful, are made from animal fat, a lipid. (credit: “Reflections in soap bubbles” by Image Picture Photography/Flickr, CC BY 2.0)",other,figure,True
27,OpenStax,Figure 27.2,A soap micelle solubilizing a grease particle in water. An electrostatic potential map of a fatty acid carboxylate shows how the negative charge is located in the head group.,molecular_property_model,figure,True
27,OpenStax,Figure 27.3,Aggregation of glycerophospholipids into the lipid bilayer that composes cell membranes. 27.4 Prostaglandins and Other Eicosanoids Prostaglandins are a group of C20 lipids that contain a five-membered ring with two long side chains. First i,molecular_structure,figure,True
27,OpenStax,Figure 27.4,Structures of some representative eicosanoids. All are derived biologically from arachidonic acid.,biological_context,figure,True
27,OpenStax,Figure 27.5,"The naming system for eicosanoids. Eicosanoid biosynthesis begins with the conversion of arachidonic acid to PGH2, catalyzed by the multifunctional PGH synthase (PGHS), also called cyclooxygenase (COX). There are two distinct enzymes, PGHS-",biological_context,figure,True
27,OpenStax,Figure 27.6,Mechanism of the conversion of PGH2 into PGE2. PROBLEM Assign R or S configuration to each chirality center in prostaglandin E2 (,reaction_mechanism,figure,True
27,OpenStax,Figure 27.7,Structures of some representative terpenoids.,other,figure,True
27,OpenStax,Figure 27.8,MECHANISM,reaction_mechanism,figure,True
27,OpenStax,Figure 27.9,An overview of terpenoid biosynthesis from isopentenyl diphosphate.,other,figure,True
27,OpenStax,Figure 27.10,"Mechanism of the coupling reaction of dimethylallyl diphosphate (DMAPP) and isopentenyl diphosphate (IPP), to give geranyl diphosphate (GPP).",reaction_mechanism,figure,True
27,OpenStax,Figure 27.11,Mechanism for the formation of the monoterpenoid limonene from geranyl diphosphate.,reaction_mechanism,figure,True
27,OpenStax,Figure 27.12,Steroid conformations. The three 6-membered rings have chair conformations but are unable to undergo ring-flips. The A and B rings can be either cis-fused or trans-fused.,molecular_geometry,figure,True
27,OpenStax,Figure 27.13,An overview of steroid biosynthesis from farnesyl diphosphate.,other,figure,True
27,OpenStax,Figure 27.14,Proposed mechanism of the oxidation of squalene by flavin hydroperoxide.,reaction_mechanism,figure,True
27,OpenStax,Figure 27.15,MECHANISM,reaction_mechanism,figure,True
27,OpenStax,Figure 27.16,(Continued),other,figure,True
27,OpenStax,Figure 27.17,"It’s hard to resist, but a high intake of saturated animal fat doesn’t do much for your cholesterol level. (credit: modification of work “food-chicken-meat-outdoors” by www.pixel.la/Flickr, Public Domain)",other,figure,True
27,OpenStax,Table 27.1,"lists some of the commonly occurring fatty acids, and",data_table,table,True
27,OpenStax,Table 27.2,lists the approximate composition of fats and oils from different sources.,data_table,table,True
27,OpenStax,Table 27.3,Serum Lipoproteins,data_table,table,True
27,ChemIllusion,blk-001d4746,blk-001d4746,callout,callout,False
27,ChemIllusion,blk-c2e6f07c,"Tristearin, a simple triacylglycerol",molecular_structure,molecule,True
27,ChemIllusion,blk-391e626b,"Cetyl palmitate, a wax",molecular_structure,molecule,True
27,ChemIllusion,blk-ac003d71,Phosphatidylcholine (dipalmitoyl),molecular_structure,molecule,True
27,ChemIllusion,blk-687dccea,Cholesterol,molecular_structure,molecule,True
27,ChemIllusion,blk-ec87c6ad,"Limonene, a cyclic monoterpene",molecular_structure,molecule,True
27,ChemIllusion,blk-8b02f978,Prostaglandin E2,molecular_structure,molecule,True
27,ChemIllusion,blk-bd383dde,blk-bd383dde,callout,callout,False
27,ChemIllusion,blk-3c99dbf6,blk-3c99dbf6,callout,callout,False
27,ChemIllusion,blk-eed76894,Palmitic acid (16:0),molecular_structure,molecule,True
27,ChemIllusion,blk-26fe35ce,Stearic acid (18:0),molecular_structure,molecule,True
27,ChemIllusion,blk-a5f2a5fc,Oleic acid (18:1 cis-delta-9),molecular_structure,molecule,True
27,ChemIllusion,blk-e610cf07,"Linoleic acid (18:2 cis,cis-delta-9,12)",molecular_structure,molecule,True
27,ChemIllusion,blk-a5f8d4ad,"alpha-Linolenic acid (18:3 cis,cis,cis-delta-9,12,15)",molecular_structure,molecule,True
27,ChemIllusion,blk-9f600082,"Arachidonic acid (20:4 delta-5,8,11,14)",molecular_structure,molecule,True
27,ChemIllusion,blk-4077cf55,blk-4077cf55,callout,callout,False
27,ChemIllusion,blk-3c0219be,blk-3c0219be,callout,callout,False
27,ChemIllusion,blk-aaac4470,blk-aaac4470,image,image,True
27,ChemIllusion,blk-af4000c6,Lauric acid (12:0),molecular_structure,molecule,True
27,ChemIllusion,blk-940a7e0c,Elaidic acid (18:1 trans-delta-9),molecular_geometry,molecule,True
27,ChemIllusion,blk-aab75169,blk-aab75169,callout,callout,False
27,ChemIllusion,blk-ba360e1d,blk-ba360e1d,callout,callout,False
27,ChemIllusion,blk-66874270,"Glycerol (propane-1,2,3-triol)",molecular_structure,molecule,True
27,ChemIllusion,blk-180e0566,"A mixed triacylglycerol: palmitoyl, oleoyl, stearoyl",molecular_structure,molecule,True
27,ChemIllusion,blk-fb04a13d,"Triolein, the triacylglycerol of oleic acid",molecular_structure,molecule,True
27,ChemIllusion,blk-a8e8ff5b,"Tributyrin, a short-chain triacylglycerol",reaction_mechanism,molecule,True
27,ChemIllusion,blk-86b43880,blk-86b43880,callout,callout,False
27,ChemIllusion,blk-4ccb72f3,blk-4ccb72f3,callout,callout,False
27,ChemIllusion,blk-4085f30f,blk-4085f30f,reaction_mechanism,image,True
27,ChemIllusion,blk-316b1c41,"Stearate ion, a soap",molecular_structure,molecule,True
27,ChemIllusion,blk-6983bfb6,Calcium stearate - hard-water scum,molecular_structure,molecule,True
27,ChemIllusion,blk-b1e93826,A linear alkylbenzenesulfonate detergent,molecular_structure,molecule,True
27,ChemIllusion,blk-311a21e3,blk-311a21e3,callout,callout,False
27,ChemIllusion,blk-3bdb117a,blk-3bdb117a,callout,callout,False
27,ChemIllusion,blk-ea9371e7,blk-ea9371e7,callout,callout,False
27,ChemIllusion,blk-e5c1207c,blk-e5c1207c,callout,callout,False
27,ChemIllusion,blk-e82474e7,Phosphatidylethanolamine,molecular_structure,molecule,True
27,ChemIllusion,blk-7e17c53e,blk-7e17c53e,data_table,image,True
27,ChemIllusion,blk-496ae62b,Sphingosine,molecular_structure,molecule,True
27,ChemIllusion,blk-bcaaee8b,Sphingomyelin,molecular_structure,molecule,True
27,ChemIllusion,blk-4ba2a2d6,blk-4ba2a2d6,callout,callout,False
27,ChemIllusion,blk-48856c81,blk-48856c81,callout,callout,False
27,ChemIllusion,blk-f3e9c139,Aspirin (acetylsalicylic acid),molecular_structure,molecule,True
27,ChemIllusion,blk-16964a74,Ibuprofen,molecular_structure,molecule,True
27,ChemIllusion,blk-b54a3c65,blk-b54a3c65,callout,callout,False
27,ChemIllusion,blk-c01ef1cb,blk-c01ef1cb,callout,callout,False
27,ChemIllusion,blk-1b6ec647,"Isoprene (2-methyl-1,3-butadiene)",molecular_structure,molecule,True
27,ChemIllusion,blk-394ace4d,"Myrcene, an acyclic monoterpene",molecular_structure,molecule,True
27,ChemIllusion,blk-f142bce0,"alpha-Pinene, a bicyclic monoterpene",molecular_structure,molecule,True
27,ChemIllusion,blk-464aa828,"Farnesol, a sesquiterpene",molecular_structure,molecule,True
27,ChemIllusion,blk-39dcdcfd,"Squalene, the triterpene that becomes cholesterol",molecular_structure,molecule,True
27,ChemIllusion,blk-07aa518e,"beta-Carotene, a tetraterpene",data_table,molecule,True
27,ChemIllusion,blk-2ef8550d,blk-2ef8550d,callout,callout,False
27,ChemIllusion,blk-35dfa5ad,blk-35dfa5ad,callout,callout,False
27,ChemIllusion,blk-981e768d,blk-981e768d,molecular_geometry,image,True
27,ChemIllusion,blk-30672ef1,trans-Decalin: the locked case,molecular_geometry,molecule,True
27,ChemIllusion,blk-87b03789,Testosterone,molecular_structure,molecule,True
27,ChemIllusion,blk-531ed31b,Estradiol,molecular_structure,molecule,True
27,ChemIllusion,blk-7b4924b3,blk-7b4924b3,callout,callout,False
28,OpenStax,Figure 28.1,"If these Afghan hounds look similar, that’s because they’re identical-all cloned from somatic cells of the same donor. (credit: modification of work “",other,figure,True
28,OpenStax,Figure 28.2,"Structures of the four deoxyribonucleotides and the four ribonucleotides. Nucleotides are linked together in DNA and RNA by phosphodiesterbonds [RO-(PO2-)-OR′] between phosphate, the 5′-hydroxyl group on one nucleoside, and the 3′-hydroxyl ",molecular_structure,figure,True
28,OpenStax,Figure 28.3,"Hydrogen-bonding between base pairs in the DNA double helix. Electrostatic potential maps show that the faces of the bases are relatively neutral, while the edges have positive and negative regions. Pairing G with C and A with T brings toge",molecular_property_model,figure,True
28,OpenStax,Figure 28.4,"that the two strands of the double helix coil in such a way that two kinds of “grooves” result, a majorgroove 12 Å wide and a minorgroove 6 Å wide. The major groove is slightly deeper than the minor groove, and both are lined by flat hetero",molecular_structure,figure,True
28,OpenStax,Figure 28.5,"A representation of semiconservative DNA replication. The original double-stranded DNA partially unwinds, bases are exposed, nucleotides line up on each strand in a complementary manner, and two new strands begin to grow. Both strands are s",other,figure,True
28,OpenStax,Figure 28.6,Biosynthesis of RNA using a DNA segment as a template.,other,figure,True
28,OpenStax,Figure 28.7,Structure of a tRNA molecule. The tRNA is a roughly cloverleaf-shaped molecule containing an anticodon triplet on one “leaf” and an amino acid unit attached covalently at its 3′ end. The example shown is a yeast tRNA that codes for phenylal,molecular_structure,figure,True
28,OpenStax,Figure 28.8,A representation of protein biosynthesis. The codon base sequences on mRNA are read by tRNAs containing complementary anticodon base sequences. Transfer RNAs assemble the proper amino acids into position for incorporation into the growing p,biological_context,figure,True
28,OpenStax,Figure 28.9,shows a typical result.,other,figure,True
28,OpenStax,Figure 28.10,The polymerase chain reaction. Details are explained in the text.,other,figure,True
28,OpenStax,Table 28.1,shows the meaning of each codon.,data_table,table,True
28,ChemIllusion,blk-d9d478f2,blk-d9d478f2,callout,callout,False
28,ChemIllusion,blk-4c992c85,blk-4c992c85,image,image,True
28,ChemIllusion,blk-af05b792,"beta-D-Ribofuranose, the RNA sugar",molecular_structure,molecule,True
28,ChemIllusion,blk-e07fc914,"2-Deoxy-beta-D-ribofuranose, the DNA sugar",molecular_structure,molecule,True
28,ChemIllusion,blk-1a326b10,Adenosine: a nucleoside with the beta-N-glycosidic bond,molecular_structure,molecule,True
28,ChemIllusion,blk-b9dccbfb,"2'-Deoxyadenosine 5'-monophosphate, a nucleotide",molecular_structure,molecule,True
28,ChemIllusion,blk-4d2aae27,blk-4d2aae27,callout,callout,False
28,ChemIllusion,blk-fc56756b,blk-fc56756b,callout,callout,False
28,ChemIllusion,blk-4ae2e897,"Adenine, a purine base",molecular_structure,molecule,True
28,ChemIllusion,blk-3fcdb9a6,Guanine in its lactam form,molecular_structure,molecule,True
28,ChemIllusion,blk-2f1a276a,"Cytosine, a pyrimidine base",molecular_structure,molecule,True
28,ChemIllusion,blk-b786dfe8,"Thymine, the DNA pyrimidine",molecular_structure,molecule,True
28,ChemIllusion,blk-fd06febc,"Uracil, the RNA pyrimidine",molecular_structure,molecule,True
28,ChemIllusion,blk-93bd35f9,Guanine drawn as the minor lactim tautomer,molecular_structure,molecule,True
28,ChemIllusion,blk-37a42578,blk-37a42578,callout,callout,False
28,ChemIllusion,blk-5c280981,blk-5c280981,callout,callout,False
28,ChemIllusion,blk-ab6c360e,"2'-Deoxyadenosine, the DNA nucleoside",molecular_structure,molecule,True
28,ChemIllusion,blk-f47c9768,"Thymidine, showing pyrimidine attachment at N1",molecular_structure,molecule,True
28,ChemIllusion,blk-e99997d2,"Cytidine, a ribonucleoside of a pyrimidine",molecular_structure,molecule,True
28,ChemIllusion,blk-32ffd0cf,blk-32ffd0cf,callout,callout,False
28,ChemIllusion,blk-f50fbbda,blk-f50fbbda,callout,callout,False
28,ChemIllusion,blk-b9ed8e06,A dinucleotide: the 3'-to-5' phosphodiester linkage,molecular_structure,molecule,True
28,ChemIllusion,blk-0f8b3462,blk-0f8b3462,callout,callout,False
28,ChemIllusion,blk-51e2e566,blk-51e2e566,callout,callout,False
28,ChemIllusion,blk-609b7a6c,blk-609b7a6c,image,image,True
28,ChemIllusion,blk-8a1847cc,blk-8a1847cc,image,image,True
28,ChemIllusion,blk-cc9b5b58,blk-cc9b5b58,image,image,True
28,ChemIllusion,blk-57422c34,blk-57422c34,callout,callout,False
28,ChemIllusion,blk-7fc4b54d,blk-7fc4b54d,callout,callout,False
28,ChemIllusion,blk-64fca8fd,blk-64fca8fd,image,image,True
28,ChemIllusion,blk-042d1df5,blk-042d1df5,callout,callout,False
28,ChemIllusion,blk-7eb10531,blk-7eb10531,callout,callout,False
28,ChemIllusion,blk-4342c8a2,blk-4342c8a2,reaction_mechanism,image,True
28,ChemIllusion,blk-6c73388d,blk-6c73388d,image,image,True
28,ChemIllusion,blk-593b491c,"Uridine, the RNA residue that carries the 2'-hydroxyl",molecular_structure,molecule,True
28,ChemIllusion,blk-68136cba,"Uridine 2',3'-cyclic phosphate, the RNA cleavage intermediate",molecular_structure,molecule,True
28,ChemIllusion,blk-16ec45aa,blk-16ec45aa,callout,callout,False
28,ChemIllusion,blk-331a586f,blk-331a586f,callout,callout,False
28,ChemIllusion,blk-6db73b29,blk-6db73b29,reaction_mechanism,image,True
28,ChemIllusion,blk-f6444d8d,"Adenosine 5'-triphosphate: alpha, beta, and gamma phosphorus",molecular_structure,molecule,True
28,ChemIllusion,blk-acebe0b4,blk-acebe0b4,callout,callout,False
28,ChemIllusion,blk-8111ad27,blk-8111ad27,callout,callout,False
28,ChemIllusion,blk-d5774bf4,Zidovudine (AZT): azide in place of the 3'-hydroxyl,molecular_structure,molecule,True
28,ChemIllusion,blk-a2ceb9c8,Acyclovir: guanine on an acyclic chain,molecular_structure,molecule,True
28,ChemIllusion,blk-82024118,"2',3'-Dideoxyadenosine, the sequencing terminator",molecular_structure,molecule,True
28,ChemIllusion,blk-50efbc0f,blk-50efbc0f,callout,callout,False
28,ChemIllusion,blk-00bca724,blk-00bca724,callout,callout,False
28,ChemIllusion,blk-610a5e3b,blk-610a5e3b,image,image,True
28,ChemIllusion,blk-8587812a,blk-8587812a,callout,callout,False
29,OpenStax,Figure 29.1,"Acyl CoA dehydrogenase is an enzyme that catalyzes the introduction of a C═C double bond into fatty acids during their metabolism. (credit: modification of image from the RCSB PDF (rcsb.org) of PDB ID 2WBI. Muniz, J.R.C., Guo, K., Savitsky,",molecular_structure,figure,True
29,OpenStax,Figure 29.2,"An overview of catabolic pathways for the degradation of food and the production of biochemical energy. The ultimate products of food catabolism are CO2 and H2O, with the energy released in the citric acid cycle used to drive the endergonic",other,figure,True
29,OpenStax,Figure 29.3,MECHANISM,reaction_mechanism,figure,True
29,OpenStax,Figure 29.4,MECHANISM,reaction_mechanism,figure,True
29,OpenStax,Figure 29.5,"to see the overall results of the β-oxidation pathway. The first passage converts the 14-carbon myristoyl CoA into the 12-carbon lauroyl CoA plus acetyl CoA, the second passage converts lauroyl CoA into the 10-carbon caproyl CoA plus acetyl",molecular_structure,figure,True
29,OpenStax,Figure 29.6,MECHANISM,reaction_mechanism,figure,True
29,OpenStax,Figure 29.7,MECHANISM,reaction_mechanism,figure,True
29,OpenStax,Figure 29.8,MECHANISM,reaction_mechanism,figure,True
29,OpenStax,Figure 29.9,MECHANISM,reaction_mechanism,figure,True
29,OpenStax,Figure 29.10,"Mechanism of step 2 in glycolysis, the isomerization of glucose 6-phosphate to fructose 6-phosphate.",reaction_mechanism,figure,True
29,OpenStax,Figure 29.11,Mechanism of step 4 in,reaction_mechanism,figure,True
29,OpenStax,Figure 29.12,Mechanism of step 6 in,reaction_mechanism,figure,True
29,OpenStax,Figure 29.13,MECHANISM,reaction_mechanism,figure,True
29,OpenStax,Figure 29.14,MECHANISM,reaction_mechanism,figure,True
29,OpenStax,Figure 29.15,MECHANISM,reaction_mechanism,figure,True
29,OpenStax,Figure 29.16,MECHANISM,reaction_mechanism,figure,True
29,OpenStax,Figure 29.17,MECHANISM,reaction_mechanism,figure,True
29,OpenStax,Figure 29.18,"The buildup of cholesterol deposits inside arteries can cause coronary heart disease, a leading cause of death for adults in industrialized nations.",other,figure,True
29,ChemIllusion,blk-6bb5e22f,blk-6bb5e22f,callout,callout,False
29,ChemIllusion,blk-357e41ba,blk-357e41ba,image,image,True
29,ChemIllusion,blk-a9389083,Adenosine triphosphate,reaction_mechanism,molecule,True
29,ChemIllusion,blk-12906dfa,Coupling in practice: ATP phosphorylates glucose,reaction_mechanism,reaction,True
29,ChemIllusion,blk-89acaceb,blk-89acaceb,callout,callout,False
29,ChemIllusion,blk-a455497d,blk-a455497d,callout,callout,False
29,ChemIllusion,blk-9e03bb97,"Nicotinamide adenine dinucleotide, the oxidized form",molecular_structure,molecule,True
29,ChemIllusion,blk-dc8948df,Alcohol oxidation as a hydride transfer (nicotinamide ring shown as its 1-methyl model),reaction_mechanism,reaction,True
29,ChemIllusion,blk-e2601831,blk-e2601831,teaching_asset,teaching_asset,False
29,ChemIllusion,blk-d5a1391a,"Flavin adenine dinucleotide, the oxidized form",molecular_structure,molecule,True
29,ChemIllusion,blk-8e78b4da,"Succinate to fumarate: making an alkene from a saturated chain (FAD is named, not drawn)",molecular_geometry,reaction,True
29,ChemIllusion,blk-7c467ad5,blk-7c467ad5,callout,callout,False
29,ChemIllusion,blk-283bd8e1,blk-283bd8e1,callout,callout,False
29,ChemIllusion,blk-4116afbc,Acetyl coenzyme A,molecular_structure,molecule,True
29,ChemIllusion,blk-ed0ce2b1,Hydrolysis of a thioester (the coenzyme A tail drawn as its N-acetylcysteamine model),reaction,reaction,True
29,ChemIllusion,blk-9346662e,The acidic alpha hydrogens of a thioester,reaction,reaction,True
29,ChemIllusion,blk-3246c2c4,blk-3246c2c4,callout,callout,False
29,ChemIllusion,blk-9dbdaba9,blk-9dbdaba9,callout,callout,False
29,ChemIllusion,blk-2eeb6c6f,blk-2eeb6c6f,teaching_asset,teaching_asset,False
29,ChemIllusion,blk-3cf9bda7,An aldose becomes a ketose: isomerization through an enediol,reaction,reaction,True
29,ChemIllusion,blk-a821d6d9,Cutting the hexose in two: a retro-aldol cleavage,reaction,reaction,True
29,ChemIllusion,blk-d6861eaf,blk-d6861eaf,teaching_asset,teaching_asset,False
29,ChemIllusion,blk-f277c0ef,Enolase: an E1cb dehydration that stores energy in an enol,reaction,reaction,True
29,ChemIllusion,blk-fcd72f2e,Why phosphoenolpyruvate can phosphorylate ADP,reaction,reaction,True
29,ChemIllusion,blk-950f46cb,Phosphoenolpyruvate,data_table,molecule,True
29,ChemIllusion,blk-ba000b64,blk-ba000b64,callout,callout,False
29,ChemIllusion,blk-824e6e3d,blk-824e6e3d,callout,callout,False
29,ChemIllusion,blk-be489ac5,Oxidative decarboxylation of pyruvate (coenzyme A shown as its thiol model),reaction,reaction,True
29,ChemIllusion,blk-01acf17e,Thiamine diphosphate,reaction_mechanism,molecule,True
29,ChemIllusion,blk-50e7e5d4,The thiamine ylide adds to pyruvate (the coenzyme drawn as its thiazolium ring alone),reaction,reaction,True
29,ChemIllusion,blk-0917f9b5,blk-0917f9b5,callout,callout,False
29,ChemIllusion,blk-2d746567,blk-2d746567,callout,callout,False
29,ChemIllusion,blk-990a9f61,blk-990a9f61,teaching_asset,teaching_asset,False
29,ChemIllusion,blk-de550320,Citrate synthase: an aldol addition followed by hydrolysis (coenzyme A as its thiol model),reaction,reaction,True
29,ChemIllusion,blk-388b4e98,blk-388b4e98,teaching_asset,teaching_asset,False
29,ChemIllusion,blk-b36ddfea,blk-b36ddfea,image,image,True
29,ChemIllusion,blk-532058db,"Aconitase, part one: dehydration of a tertiary alcohol",reaction,reaction,True
29,ChemIllusion,blk-29a1c4c1,"Aconitase, part two: water adds back at the other carbon",reaction,reaction,True
29,ChemIllusion,blk-0bec9de5,"Oxidation, then loss of carbon dioxide from a beta-keto acid (NAD+ named, not drawn)",reaction,reaction,True
29,ChemIllusion,blk-f86bf923,blk-f86bf923,callout,callout,False
29,ChemIllusion,blk-677ec9dc,blk-677ec9dc,callout,callout,False
29,ChemIllusion,blk-647c9ee7,blk-647c9ee7,reaction_mechanism,teaching_asset,False
29,ChemIllusion,blk-64893dd5,"Step one: making the alkene (FAD named, not drawn)",reaction,reaction,True
29,ChemIllusion,blk-6f46db4b,Step two: conjugate addition of water,reaction,reaction,True
29,ChemIllusion,blk-9bf771cc,Step four: retro-Claisen cleavage releases acetyl CoA,reaction_mechanism,reaction,True
29,ChemIllusion,blk-da923c91,The other product of fat hydrolysis: glycerol joins glycolysis,reaction,reaction,True
29,ChemIllusion,blk-db50b0ef,"Palmitic acid, a typical saturated fatty acid",molecular_structure,molecule,True
29,ChemIllusion,blk-6e88a6f2,blk-6e88a6f2,callout,callout,False
29,ChemIllusion,blk-dd22c351,blk-dd22c351,callout,callout,False
29,ChemIllusion,blk-2b33dc43,"Biosynthesis runs a Claisen condensation, but drives it with a decarboxylation",reaction,reaction,True
29,ChemIllusion,blk-49b7d2eb,blk-49b7d2eb,teaching_asset,teaching_asset,False
29,ChemIllusion,blk-8671b843,blk-8671b843,reaction_mechanism,image,True
29,ChemIllusion,blk-ebd8ffad,blk-ebd8ffad,callout,callout,False
29,ChemIllusion,blk-4ca17183,blk-4ca17183,callout,callout,False
29,ChemIllusion,blk-6a52ac18,Transamination: an amino group changes places,reaction,reaction,True
29,ChemIllusion,blk-b003ab52,Pyridoxal 5'-phosphate,molecular_structure,molecule,True
29,ChemIllusion,blk-9ba6c183,blk-9ba6c183,teaching_asset,teaching_asset,False
29,ChemIllusion,blk-cf0e305a,"Where the nitrogen finally leaves (NAD+ named, not drawn)",reaction,reaction,True
29,ChemIllusion,blk-89fb331c,blk-89fb331c,callout,callout,False
29,ChemIllusion,blk-0d4b6681,blk-0d4b6681,callout,callout,False
29,ChemIllusion,blk-952bc5d9,blk-952bc5d9,teaching_asset,teaching_asset,False
29,ChemIllusion,blk-6e1a4d58,"The same bond, made in a flask: the classical Claisen condensation",reaction,reaction,True
29,ChemIllusion,blk-0ffdce0f,Oxidation that captures rather than dissipates: an aldehyde becomes an acyl phosphate,reaction,reaction,True
29,ChemIllusion,blk-824222d0,blk-824222d0,callout,callout,False
30,OpenStax,Figure 30.1,"It may look easy, but these sunbathers are working hard to carry out a pericyclic reaction. (credit: modification of work “Tanning” by Meraj Chhaya/Flickr, CC BY 2.0).",other,figure,True
30,OpenStax,Figure 30.2,"Pi molecular orbitals of (a) ethylene and (b) 1,3-butadiene.",atomic_orbital,figure,True
30,OpenStax,Figure 30.3,"The six pi molecular orbitals of 1,3,5-hexatriene. In the ground state, the three bonding MOs, ψ1, ψ2, and ψ3, are filled. In the excited state, ψ3 and ψ4* are both half-filled. The Woodward-Hoffmann rules for pericyclic reactions require a",atomic_orbital,figure,True
30,OpenStax,Figure 30.4,"Electrocyclic interconversions of 2,4,6-octatriene isomers and 5,6-dimethyl-1,3-cyclohexadiene isomers.",other,figure,True
30,OpenStax,Figure 30.5,"Electrocyclic interconversions of 2,4-hexadiene isomers and 3,4-dimethylcyclobutene isomers.",other,figure,True
30,OpenStax,Figure 30.6,"Thermal cyclizations of 2,4,6-octatrienes occur by disrotatory ring-closures.",other,figure,True
30,OpenStax,Figure 30.7,Thermal ring-openings of cis- and trans-dimethylcyclobutene occur by conrotatory paths.,other,figure,True
30,OpenStax,Figure 30.8,Photochemical cyclizations of conjugated dienes and trienes. The two processes occur with different stereochemistry because of their different orbital symmetries. 1108 30 • Orbitals and Organic Chemistry: Pericyclic Reactions,atomic_orbital,figure,True
30,OpenStax,Figure 30.9,(a) Suprafacial cycloaddition occurs when there is bonding between lobes on the same face of one reactant and lobes on the same face of the other reactant. (b) Antarafacial cycloaddition occurs when there is bonding between lobes on the sam,other,figure,True
30,OpenStax,Figure 30.10,Interaction of diene LUMO and alkene HOMO in a suprafacial [4 + 2] cycloaddition reaction (Diels-Alder reaction).,other,figure,True
30,OpenStax,Figure 30.11,(a) Interaction of a ground-state HOMO and a ground-state LUMO in a potential [2 + 2] cycloaddition does not occur thermally because the antarafacial geometry is too strained. (b) Interaction of an excited-state HOMO and a ground-state LUMO,molecular_geometry,figure,True
30,OpenStax,Figure 30.12,Suprafacial and antarafacial sigmatropic rearrangements.,other,figure,True
30,OpenStax,Figure 30.13,"An orbital view of a suprafacial [1,5] hydrogen shift.",atomic_orbital,figure,True
30,OpenStax,Figure 30.14,Mechanism of Claisen rearrangement. C─O bond-breaking and C─C bond-making occur simultaneously.,reaction_mechanism,figure,True
30,OpenStax,Figure 30.15,"Suprafacial [3,3] (a) Cope and (b) Claisen rearrangements.",other,figure,True
30,OpenStax,Figure 30.16,"Pathway for the bacterial biosynthesis of phenylalanine from chorismate, involving a Claisen rearrangement.",other,figure,True
30,OpenStax,Figure 30.17,"Here are the sunbathers, again, with their chemical work complete. (credit: “Tanning” by Meraj Chhaya/Flickr, CC BY 2.0)",other,figure,True
30,OpenStax,Table 30.1,gives some simple rules that make it possible to predict the stereochemistry of electrocyclic reactions.,data_table,table,True
30,OpenStax,Table 30.2,Stereochemical Rules for Cycloaddition Reactions,data_table,table,True
30,OpenStax,Table 30.3,Stereochemical Rules for Sigmatropic Rearrangements,data_table,table,True
30,OpenStax,Table 30.4,Stereochemical Rules for Pericyclic Reactions,data_table,table,True
30,ChemIllusion,blk-1c935fce,blk-1c935fce,callout,callout,False
30,ChemIllusion,blk-ae06f87f,The archetypal Diels–Alder reaction: butadiene and ethylene,reaction_mechanism,reaction,True
30,ChemIllusion,blk-95da1f40,"One barrier, no intermediate",energy_diagram,reaction_coordinate,True
30,ChemIllusion,blk-8c4d3072,blk-8c4d3072,callout,callout,False
30,ChemIllusion,blk-9084bc2d,blk-9084bc2d,callout,callout,False
30,ChemIllusion,blk-b16589e7,blk-b16589e7,atomic_orbital,teaching_asset,False
30,ChemIllusion,blk-b256e2c1,blk-b256e2c1,atomic_orbital,teaching_asset,False
30,ChemIllusion,blk-4c0b7416,blk-4c0b7416,teaching_asset,teaching_asset,False
30,ChemIllusion,blk-b623f04c,blk-b623f04c,atomic_orbital,image,True
30,ChemIllusion,blk-4506aed3,"1,3-Butadiene",atomic_orbital,molecule,True
30,ChemIllusion,blk-f5dc3827,blk-f5dc3827,callout,callout,False
30,ChemIllusion,blk-e57ef497,blk-e57ef497,callout,callout,False
30,ChemIllusion,blk-704e29d1,blk-704e29d1,callout,callout,False
30,ChemIllusion,blk-a8baef50,blk-a8baef50,callout,callout,False
30,ChemIllusion,blk-acd6d18f,Cyclobutene,molecular_structure,molecule,True
30,ChemIllusion,blk-8d066a24,Thermal four-electron ring opening: conrotatory,molecular_geometry,reaction,True
30,ChemIllusion,blk-479a7c70,"Thermal six-electron closure: disrotatory, giving the cis product",reaction,reaction,True
30,ChemIllusion,blk-96c593cd,blk-96c593cd,reaction_mechanism,image,True
30,ChemIllusion,blk-12a27648,blk-12a27648,callout,callout,False
30,ChemIllusion,blk-52192ce8,blk-52192ce8,callout,callout,False
30,ChemIllusion,blk-6ba8ff1a,"(2E,4E)-Hexa-2,4-diene",molecular_geometry,molecule,True
30,ChemIllusion,blk-84e1d79c,"(2E,4Z)-Hexa-2,4-diene",molecular_geometry,molecule,True
30,ChemIllusion,blk-130387e2,"trans-3,4-Dimethylcyclobutene",molecular_structure,molecule,True
30,ChemIllusion,blk-71c95244,"cis-3,4-Dimethylcyclobutene",molecular_structure,molecule,True
30,ChemIllusion,blk-aefeeb87,"(2E,4Z,6E)-Octa-2,4,6-triene",molecular_geometry,molecule,True
30,ChemIllusion,blk-eac6426a,"cis-5,6-Dimethylcyclohexa-1,3-diene",molecular_structure,molecule,True
30,ChemIllusion,blk-aeb2f26a,"trans-5,6-Dimethylcyclohexa-1,3-diene",molecular_structure,molecule,True
30,ChemIllusion,blk-5c3dba63,blk-5c3dba63,callout,callout,False
30,ChemIllusion,blk-b37afe73,blk-b37afe73,callout,callout,False
30,ChemIllusion,blk-26331865,Maleic anhydride,atomic_orbital,molecule,True
30,ChemIllusion,blk-24405aca,blk-24405aca,teaching_asset,teaching_asset,False
30,ChemIllusion,blk-7d3e8b4e,blk-7d3e8b4e,callout,callout,False
30,ChemIllusion,blk-37524944,blk-37524944,callout,callout,False
30,ChemIllusion,blk-c6794abe,Endo selectivity: cyclopentadiene and maleic anhydride,reaction_mechanism,reaction,True
30,ChemIllusion,blk-45b6e1a7,Cyclopentadiene,molecular_structure,molecule,True
30,ChemIllusion,blk-bf2b0512,The endo Diels–Alder adduct of cyclopentadiene and maleic anhydride,molecular_structure,molecule,True
30,ChemIllusion,blk-1e255486,blk-1e255486,callout,callout,False
30,ChemIllusion,blk-161a3ecb,blk-161a3ecb,callout,callout,False
30,ChemIllusion,blk-aae5fcaf,"(3E)-Penta-1,3-diene",molecular_structure,molecule,True
30,ChemIllusion,blk-47b67c08,"5-Methylcyclopenta-1,3-diene",atomic_orbital,molecule,True
30,ChemIllusion,blk-3aa34ea1,"A Cope rearrangement you can see: ring expansion to cycloocta-1,5-diene",data_table,reaction,True
30,ChemIllusion,blk-8bf3bfbd,The Claisen rearrangement in its simplest form,data_table,reaction,True
30,ChemIllusion,blk-b60cc4f3,blk-b60cc4f3,callout,callout,False
30,ChemIllusion,blk-a068d42f,blk-a068d42f,callout,callout,False
30,ChemIllusion,blk-3080d343,The aromatic Claisen rearrangement,data_table,reaction,True
30,ChemIllusion,blk-21abd0d4,Allyl vinyl ether,molecular_structure,molecule,True
30,ChemIllusion,blk-116726ef,2-Allylphenol,data_table,molecule,True
30,ChemIllusion,blk-a6e987a8,blk-a6e987a8,callout,callout,False
30,ChemIllusion,blk-95f78d44,blk-95f78d44,callout,callout,False
30,ChemIllusion,blk-e7225529,7-Dehydrocholesterol (provitamin D3),molecular_structure,molecule,True
30,ChemIllusion,blk-e6384245,Previtamin D3,molecular_geometry,molecule,True
30,ChemIllusion,blk-7d0a4e33,Vitamin D3 (cholecalciferol),molecular_structure,molecule,True
30,ChemIllusion,blk-6a61183f,Sunlight opens ring B: 7-dehydrocholesterol to previtamin D3,reaction,reaction,True
30,ChemIllusion,blk-6641bb46,"Body heat finishes the job: a thermal [1,7] hydrogen shift",reaction,reaction,True
30,ChemIllusion,blk-ed420c17,A Claisen rearrangement in metabolism: chorismate to prephenate,data_table,reaction,True
30,ChemIllusion,blk-b23f17bc,Chorismate,data_table,molecule,True
30,ChemIllusion,blk-ea50140f,Prephenate,molecular_structure,molecule,True
30,ChemIllusion,blk-f543edf2,blk-f543edf2,callout,callout,False
31,OpenStax,Figure 31.1,"If you ride a bike, wear your helmet! Most bike helmets are made of two different polymers, a hard polycarbonate shell and an inner layer of polystyrene. (credit: modification of work “View from the top” by Gene Bisbee/Flickr, CC BY 2.0)",other,figure,True
31,OpenStax,Figure 31.2,"Isotactic, syndiotactic, and atactic forms of polypropylene.",other,figure,True
31,OpenStax,Figure 31.3,"Mechanism of the olefin metathesis reaction. The process is initiated by a two-step sequence that involves (1) reaction of the catalyst and olefin 1 to give a four-membered metallacycle intermediate, followed by (2) ring-opening to give a d",reaction_mechanism,figure,True
31,OpenStax,Figure 31.4,Crystallites in linear polyethylene. The long polymer chains are arranged in parallel lines in the crystallite regions.,other,figure,True
31,OpenStax,Figure 31.5,Oriented crystallite regions in a polymer fiber.,other,figure,True
31,OpenStax,Figure 31.6,Unstretched and stretched forms of an elastomer.,other,figure,True
31,OpenStax,Figure 31.7,"(a) Natural rubber is elastic and noncrystalline because of its cis double-bond geometry, but (b) gutta-percha is nonelastic and crystalline because its geometry allows for better packing together of chains.",molecular_geometry,figure,True
31,OpenStax,Figure 31.8,"What happens to the plastics that end up here? (credit: modification of work “King of the trash hill” by Alan Levine/Flickr, CC BY 2.0)",other,figure,True
31,OpenStax,Table 31.1,lists some common copolymers and their commercial applications.,data_table,table,True
31,OpenStax,Table 31.2,Recyclable Plastics,data_table,table,True
31,ChemIllusion,blk-7220f999,blk-7220f999,callout,callout,False
31,ChemIllusion,blk-f399bc31,"Ethylene, the simplest monomer",molecular_structure,molecule,True
31,ChemIllusion,blk-85a53d77,A twelve-carbon segment of a polyethylene chain,molecular_structure,molecule,True
31,ChemIllusion,blk-79124b93,blk-79124b93,image,image,True
31,ChemIllusion,blk-58b5ddcd,Propylene,molecular_structure,molecule,True
31,ChemIllusion,blk-1a880987,Vinyl chloride,molecular_structure,molecule,True
31,ChemIllusion,blk-8a1018ed,Tetrafluoroethylene,molecular_structure,molecule,True
31,ChemIllusion,blk-9ef9a161,blk-9ef9a161,callout,callout,False
31,ChemIllusion,blk-69a5cdd4,blk-69a5cdd4,callout,callout,False
31,ChemIllusion,blk-bd6fbd2b,Styrene,reaction_mechanism,molecule,True
31,ChemIllusion,blk-d0b996bd,"AIBN, a radical initiator",reaction_mechanism,molecule,True
31,ChemIllusion,blk-b770c9af,Initiation step one: AIBN fragments into two radicals and nitrogen gas,reaction_mechanism,reaction,True
31,ChemIllusion,blk-d76df744,Initiation step two: the initiator radical adds to the first monomer,reaction,reaction,True
31,ChemIllusion,blk-9416198d,Propagation: the chain end adds another monomer and regenerates itself,reaction,reaction,True
31,ChemIllusion,blk-64a3c9bf,Termination by combination: two chain ends destroy each other,reaction_mechanism,reaction,True
31,ChemIllusion,blk-4f89c18b,A head-to-tail polystyrene segment,data_table,molecule,True
31,ChemIllusion,blk-f271712c,blk-f271712c,image,image,True
31,ChemIllusion,blk-36a379fb,blk-36a379fb,callout,callout,False
31,ChemIllusion,blk-9e5b1867,blk-9e5b1867,callout,callout,False
31,ChemIllusion,blk-355cb60d,Isobutylene,molecular_structure,molecule,True
31,ChemIllusion,blk-689f59de,The tertiary carbocation at a growing cationic chain end,data_table,molecule,True
31,ChemIllusion,blk-3372972d,Methyl methacrylate,molecular_structure,molecule,True
31,ChemIllusion,blk-6a129c19,Acrylonitrile,molecular_structure,molecule,True
31,ChemIllusion,blk-9c014f8c,blk-9c014f8c,callout,callout,False
31,ChemIllusion,blk-3948d46b,blk-3948d46b,callout,callout,False
31,ChemIllusion,blk-558c33e2,blk-558c33e2,image,image,True
31,ChemIllusion,blk-f0b888a6,blk-f0b888a6,callout,callout,False
31,ChemIllusion,blk-f57213df,blk-f57213df,callout,callout,False
31,ChemIllusion,blk-41bf19d6,blk-41bf19d6,image,image,True
31,ChemIllusion,blk-46bcf495,"1,3-Butadiene",molecular_structure,molecule,True
31,ChemIllusion,blk-690d151d,blk-690d151d,callout,callout,False
31,ChemIllusion,blk-28a1a894,blk-28a1a894,callout,callout,False
31,ChemIllusion,blk-5e947d39,"Adipic acid, a difunctional monomer",molecular_structure,molecule,True
31,ChemIllusion,blk-86f2cf12,"Hexane-1,6-diamine, the partner monomer",molecular_structure,molecule,True
31,ChemIllusion,blk-b38e0e8d,"One step of nylon 6,6 formation: an amide bond and a molecule of water",reaction_mechanism,reaction,True
31,ChemIllusion,blk-bdc06cd6,"A segment of nylon 6,6",data_table,molecule,True
31,ChemIllusion,blk-ad94f527,Terephthalic acid,molecular_structure,molecule,True
31,ChemIllusion,blk-27e839c2,Ethylene glycol,molecular_structure,molecule,True
31,ChemIllusion,blk-3220b494,One step of poly(ethylene terephthalate) formation,reaction_mechanism,reaction,True
31,ChemIllusion,blk-15a54fd0,Caprolactam,molecular_structure,molecule,True
31,ChemIllusion,blk-0027a9b1,Bisphenol A,molecular_structure,molecule,True
31,ChemIllusion,blk-671eaa83,A diisocyanate,reaction_mechanism,molecule,True
31,ChemIllusion,blk-9ac7b234,Urethane formation: a step-growth linkage with no small molecule lost,reaction_mechanism,reaction,True
31,ChemIllusion,blk-da639fd3,blk-da639fd3,callout,callout,False
31,ChemIllusion,blk-8565566a,blk-8565566a,callout,callout,False
31,ChemIllusion,blk-cc57d3dd,blk-cc57d3dd,image,image,True
31,ChemIllusion,blk-f81afc0f,blk-f81afc0f,callout,callout,False
31,ChemIllusion,blk-5b2e9a70,blk-5b2e9a70,callout,callout,False
31,ChemIllusion,blk-cfb2639a,blk-cfb2639a,image,image,True
31,ChemIllusion,blk-45061ae1,blk-45061ae1,callout,callout,False
31,ChemIllusion,blk-935f1c12,blk-935f1c12,callout,callout,False
31,ChemIllusion,blk-e0b4d516,Olefin metathesis in its simplest form: two alkenes swap partners,reaction_mechanism,reaction,True
31,ChemIllusion,blk-4cda9efb,blk-4cda9efb,image,image,True
31,ChemIllusion,blk-b4e9d3e1,"Norbornene, a strained cyclic alkene",reaction_mechanism,molecule,True
31,ChemIllusion,blk-c31b08a4,"A polynorbornene chain segment: two rings, three backbone double bonds",molecular_structure,molecule,True
31,ChemIllusion,blk-b56c7a33,The same reaction run intramolecularly: ring-closing metathesis,reaction_mechanism,reaction,True
31,ChemIllusion,blk-e9aceb62,blk-e9aceb62,callout,callout,False
31,ChemIllusion,blk-ce75f7ec,blk-ce75f7ec,callout,callout,False
31,ChemIllusion,blk-6d1b648d,Isoprene,molecular_geometry,molecule,True
31,ChemIllusion,blk-0388a834,"cis-1,4-Polyisoprene, the structure of natural rubber",data_table,molecule,True
31,ChemIllusion,blk-0adb2919,"trans-1,4-Polyisoprene, the same repeat unit made hard",molecular_geometry,molecule,True
31,ChemIllusion,blk-77beee23,"L-Lactide, the cyclic dimer of lactic acid",molecular_structure,molecule,True
31,ChemIllusion,blk-ec106756,A four-unit segment of polylactic acid,molecular_structure,molecule,True
31,ChemIllusion,blk-d127dc06,Ring-opening polymerization of lactide,reaction_mechanism,reaction,True
31,ChemIllusion,blk-dae348f7,blk-dae348f7,callout,callout,False
